-- phpMyAdmin SQL Dump
-- version 4.8.5
-- https://www.phpmyadmin.net/
--
-- Host: 127.0.0.1:3306
-- Tempo de geração: 10/07/2019 às 00:29
-- Versão do servidor: 10.2.24-MariaDB
-- Versão do PHP: 7.2.18

SET SQL_MODE = "NO_AUTO_VALUE_ON_ZERO";
SET AUTOCOMMIT = 0;
START TRANSACTION;
SET time_zone = "+00:00";


/*!40101 SET @OLD_CHARACTER_SET_CLIENT=@@CHARACTER_SET_CLIENT */;
/*!40101 SET @OLD_CHARACTER_SET_RESULTS=@@CHARACTER_SET_RESULTS */;
/*!40101 SET @OLD_COLLATION_CONNECTION=@@COLLATION_CONNECTION */;
/*!40101 SET NAMES utf8mb4 */;

--
-- Banco de dados: `u989534060_sae`
--

-- --------------------------------------------------------

--
-- Estrutura para tabela `afirmativa`
--

CREATE TABLE `afirmativa` (
  `IdAfirmativa` int(11) NOT NULL,
  `Descricao` varchar(300) NOT NULL
) ENGINE=InnoDB DEFAULT CHARSET=latin1;

--
-- Despejando dados para a tabela `afirmativa`
--

INSERT INTO `afirmativa` (`IdAfirmativa`, `Descricao`) VALUES
(1, 'Abertura ocular'),
(2, 'Taquipneico'),
(3, 'Nivel de cosnciencia'),
(4, 'Abertura ocular'),
(5, 'Resposta verbal'),
(6, 'Resposta motora'),
(7, 'Masculino'),
(8, 'Feminino'),
(9, 'Reativo frente a estímulo'),
(10, 'Hipoativo'),
(11, 'Busca'),
(12, 'Sucção'),
(13, 'Preensão palmar'),
(14, 'Preensão plantar'),
(15, 'Cutâneo plantar/babinsk'),
(16, 'de Moro'),
(17, 'Marcha reflexa'),
(18, 'Simétrico'),
(19, 'Assimétrico'),
(20, 'Bossa'),
(21, 'Cefalohematoma'),
(22, 'Escoriações'),
(23, 'máscara equimótica'),
(24, 'outro'),
(25, 'Planas'),
(26, 'Deprimida'),
(27, 'Abaulada'),
(28, 'Sim'),
(29, 'Não'),
(30, 'Aquecidas'),
(31, 'Frias'),
(32, 'Cianose periférica'),
(33, 'Pulsos periféricos presentes'),
(34, 'Ausentes'),
(35, '1'),
(36, '2'),
(37, '3'),
(38, 'Com clamp'),
(39, 'Sem clamp'),
(40, 'Plano'),
(41, 'Globoso'),
(42, 'Distendido'),
(43, 'Tenso'),
(44, 'Flácido'),
(45, 'RHA+'),
(46, 'RHA diminuídos'),
(47, 'RHA –'),
(48, '<24h'),
(49, '24-48h  '),
(50, 'Ausente'),
(51, 'Negativa'),
(52, 'Positiva'),
(53, 'Presente em 24h'),
(54, 'Presente entre 24-48h'),
(55, 'Corada'),
(56, 'Descorada'),
(57, 'Hidratada'),
(58, 'Desidratada'),
(59, 'Pletora'),
(60, 'Lanugo'),
(61, 'Hemangioma'),
(62, 'Descamativa'),
(63, 'Icterícia'),
(64, 'Millium'),
(65, 'Presente'),
(66, 'Ausente'),
(67, 'Característico'),
(68, 'Rouco'),
(69, 'Gemência'),
(70, 'Mucosa corada'),
(72, 'Mucosa hipocorada'),
(73, 'Secreção purulenta'),
(74, 'Hiperemia'),
(75, 'Edema'),
(76, 'Ictérico'),
(77, 'Mesmo nível dos olhos'),
(78, 'Acima dos olhos'),
(79, 'Abaixo dos olhos'),
(80, 'Sem alterações'),
(81, 'Mal formado'),
(82, 'Palato íntegro'),
(83, 'Lábios íntegros'),
(84, 'Dentes neonatais'),
(85, 'Móvel'),
(86, 'Torcicolo congênito'),
(87, 'Bócio'),
(89, 'MV+'),
(90, 'MV-'),
(91, 'MV diminuídos'),
(92, 'Crepitação'),
(93, 'Ronco'),
(94, 'Sibilo'),
(95, 'Ar ambiente'),
(96, 'CNC'),
(97, 'HOOD'),
(98, 'CPAP'),
(99, 'TOT'),
(100, 'TNT'),
(101, 'Via oral'),
(102, 'Leite materno '),
(103, 'Fórmula'),
(105, 'NP'),
(106, 'Sonda'),
(107, 'Alerta'),
(108, 'Cooperativo'),
(109, 'Sonolento'),
(110, 'Confuso'),
(111, 'Agitado'),
(112, 'Expressão Facial de dor'),
(113, 'Crepitação'),
(114, 'Ronco'),
(115, 'Sibilo'),
(116, 'Ventilação'),
(117, 'Espontânea'),
(118, 'Eupnéico'),
(119, 'Dispnéico'),
(120, 'Desconforto respiratório'),
(121, 'Cianose'),
(122, 'CNC'),
(123, 'Máscara Facial'),
(124, 'VNI'),
(125, 'TOT'),
(126, 'TQT'),
(127, 'Pulsos periféricos preservados'),
(129, 'Pulsos periféricos filiforme'),
(132, 'MMSS frio'),
(136, 'Cianose'),
(137, 'MMSS edemaciados'),
(138, 'MMII edemaciados'),
(139, 'MMII empastamento'),
(140, 'MMSS aquecidos'),
(141, 'MMII frios'),
(142, 'MMII aquecidos'),
(143, 'Preservada'),
(144, 'Prejudicada'),
(145, 'Acesso periférico'),
(146, 'PICC'),
(147, 'CVC'),
(148, 'Sinais flogistícos '),
(149, 'Flebotomia'),
(150, 'Port a cath'),
(152, 'Fístula'),
(153, 'Presença de extravasamento'),
(154, 'Íntegra'),
(155, 'Corada'),
(156, 'Hidratada'),
(157, 'Presença de lesão'),
(158, 'Hipocorada'),
(159, 'Ressecada'),
(160, 'Ictérica'),
(161, 'Eritema tóxico'),
(162, 'Petéquias'),
(163, 'Hematoma'),
(165, '1° grau'),
(166, '2° grau'),
(167, '3° grau'),
(168, '4° grau'),
(169, 'Face/ crânio'),
(170, 'Tórax'),
(171, 'Abdome'),
(172, 'Braço '),
(173, 'Perna'),
(174, 'Pés'),
(175, 'Mãos'),
(176, 'Crânio'),
(177, 'Escapular'),
(178, 'Sacral'),
(179, 'Cóccix'),
(180, 'Glútea'),
(181, 'Trocânter'),
(182, 'Calcâneo'),
(183, 'Tecido granulado'),
(184, 'Fibrina'),
(185, 'Esfacelo'),
(186, 'Exsudato'),
(187, 'Necrose'),
(188, 'Odor fétido'),
(189, '1° grau'),
(190, '2° grau'),
(191, '3° grau'),
(192, '4° grau'),
(193, 'Plano'),
(194, 'Globoso'),
(195, 'Distendido'),
(196, 'Bolsa de bogotá'),
(197, 'Evisceração'),
(198, 'RHA +'),
(199, 'RHA -'),
(200, 'Diminuídos'),
(201, 'Timpânico'),
(202, 'Maciço'),
(203, 'Flácido'),
(204, 'Tenso'),
(205, 'Dor à palpação'),
(206, 'Ostomia'),
(207, 'RHA diminuído'),
(208, 'Jejum'),
(209, 'VO'),
(210, 'Enteral'),
(211, 'NP'),
(212, 'Gastrostomia'),
(213, 'Jejunostomia'),
(214, 'Vômito'),
(215, 'Estase gástrica'),
(216, 'Intolerância à dieta'),
(217, 'Constipação'),
(218, 'Fezes ressecadas'),
(219, 'Fezes normais'),
(220, 'Fezes ausentes'),
(221, 'Fezes líquidas'),
(222, 'Melena '),
(223, 'Enterorragia'),
(224, 'Bom volume'),
(225, 'Oligúria'),
(226, 'Anúria'),
(227, 'Poliúria'),
(228, 'Límpida'),
(229, 'Concentrada'),
(230, 'Espontânea'),
(231, 'Espontânea/ Fralda'),
(232, 'Coletor sistema aberto'),
(233, 'Cateterismo vesical de alívio'),
(234, 'SVD'),
(235, 'Citostomia'),
(236, 'Pérvio'),
(237, 'Hemorróida'),
(238, 'Sangramento'),
(239, 'Fístula'),
(240, 'Ileostomia'),
(241, 'Colostomia'),
(242, 'Cateter de Hemodiálise'),
(243, 'BCNF'),
(244, 'BC hiperfonéticas'),
(245, 'BC hipofonéticas'),
(246, 'Normocardio'),
(247, 'Taquicárdico'),
(248, 'Bradicárdico'),
(249, 'Ritmo irregular');

-- --------------------------------------------------------

--
-- Estrutura para tabela `aplicacao`
--

CREATE TABLE `aplicacao` (
  `IdAplicacao` int(11) NOT NULL,
  `IdAvaliacao` int(11) NOT NULL,
  `IdFormulario` int(11) NOT NULL
) ENGINE=InnoDB DEFAULT CHARSET=latin1;

--
-- Despejando dados para a tabela `aplicacao`
--

INSERT INTO `aplicacao` (`IdAplicacao`, `IdAvaliacao`, `IdFormulario`) VALUES
(10, 22, 13),
(15, 26, 10),
(16, 27, 10),
(17, 28, 10),
(18, 29, 10),
(19, 30, 10),
(20, 31, 10),
(21, 32, 10),
(22, 33, 10),
(23, 34, 10),
(24, 35, 10),
(25, 36, 10),
(28, 37, 10),
(29, 37, 15),
(30, 38, 12),
(31, 40, 12),
(32, 41, 12),
(33, 42, 12),
(35, 44, 12),
(36, 43, 12),
(37, 54, 12);

-- --------------------------------------------------------

--
-- Estrutura para tabela `avaliacao`
--

CREATE TABLE `avaliacao` (
  `IdAvaliacao` int(11) NOT NULL,
  `Descricao` varchar(100) NOT NULL
) ENGINE=InnoDB DEFAULT CHARSET=latin1;

--
-- Despejando dados para a tabela `avaliacao`
--

INSERT INTO `avaliacao` (`IdAvaliacao`, `Descricao`) VALUES
(22, 'Dados Paciente - RN'),
(23, 'Dados Paciente - Pediátrico'),
(24, 'Dados Paciente - Adulto'),
(26, 'AVALIAÇÃO NEUROLÓGICA'),
(27, 'AVALIAÇÃO RESPIRATÓRIA'),
(28, 'AVALIAÇÃO CARDIOVASCULAR'),
(29, 'AVALIAÇÃO ABDOME'),
(30, 'AVALIAÇÃO MÚSCULOESQUELÉTICO'),
(31, 'GENITO-URINÁRIO'),
(32, 'PELE E MUCOSAS'),
(33, 'IMUNIZAÇÃO'),
(34, 'MÁ FORMAÇÕES'),
(35, 'HEMODINÂMICA'),
(36, 'OBSERVAÇÃO'),
(37, 'ANAMNESE ADULTO'),
(38, 'AVALIAÇÃO NEUROLÓGICA'),
(40, 'AVALIAÇÃO CARDÍACA'),
(41, 'AVALIAÇÃO RESPIRATÓRIA'),
(42, 'AVALIAÇÃO NUTRICIONAL'),
(43, 'INTEGRIDADE CUTÂNEO MUCOSA'),
(44, 'ELIMINAÇÕES'),
(54, 'EVOLUÇÃO');

-- --------------------------------------------------------

--
-- Estrutura para tabela `avaliacaoquestao`
--

CREATE TABLE `avaliacaoquestao` (
  `IdQuestao` int(11) NOT NULL,
  `IdAvaliacao` int(11) NOT NULL
) ENGINE=InnoDB DEFAULT CHARSET=latin1;

--
-- Despejando dados para a tabela `avaliacaoquestao`
--

INSERT INTO `avaliacaoquestao` (`IdQuestao`, `IdAvaliacao`) VALUES
(13, 22),
(14, 22),
(15, 22),
(16, 22),
(17, 22),
(18, 22),
(19, 22),
(20, 11),
(22, 11),
(23, 22),
(24, 26),
(25, 26),
(26, 26),
(27, 26),
(28, 27),
(30, 27),
(31, 27),
(32, 27),
(33, 27),
(34, 27),
(35, 27),
(36, 27),
(37, 27),
(38, 27),
(39, 28),
(40, 28),
(41, 28),
(43, 29),
(44, 29),
(45, 29),
(46, 29),
(47, 29),
(47, 32),
(48, 29),
(49, 29),
(50, 29),
(51, 29),
(52, 30),
(53, 30),
(54, 30),
(55, 30),
(56, 30),
(57, 30),
(58, 30),
(59, 31),
(60, 31),
(61, 31),
(62, 31),
(63, 32),
(64, 34),
(64, 36),
(64, 54),
(67, 33),
(68, 33),
(69, 33),
(70, 22),
(71, 22),
(72, 22),
(73, 22),
(74, 22),
(75, 22),
(76, 22),
(78, 22),
(79, 22),
(80, 22),
(81, 22),
(82, 22),
(83, 22),
(84, 22),
(85, 22),
(86, 35),
(87, 35),
(88, 35),
(89, 35),
(90, 35),
(91, 35),
(93, 35),
(94, 35),
(95, 26),
(96, 26),
(97, 26),
(98, 26),
(99, 26),
(100, 26),
(101, 27),
(103, 27),
(104, 27),
(105, 27),
(106, 27),
(107, 27),
(108, 27),
(109, 29),
(110, 37),
(111, 37),
(112, 37),
(113, 37),
(114, 26),
(114, 38),
(115, 26),
(115, 38),
(116, 26),
(116, 38),
(117, 26),
(117, 38),
(118, 41),
(119, 41),
(120, 41),
(121, 41),
(122, 41),
(123, 41),
(124, 41),
(125, 40),
(125, 43),
(126, 43),
(127, 43),
(129, 43),
(130, 43),
(131, 42),
(132, 42),
(133, 44),
(134, 44),
(135, 44),
(136, 44),
(137, 44),
(138, 43),
(139, 40);

-- --------------------------------------------------------

--
-- Estrutura para tabela `diagnostico`
--

CREATE TABLE `diagnostico` (
  `IdDiagnostico` int(11) NOT NULL,
  `Descricao` varchar(300) NOT NULL,
  `IdUnidadeInternacao` tinyint(4) NOT NULL
) ENGINE=InnoDB DEFAULT CHARSET=latin1;

--
-- Despejando dados para a tabela `diagnostico`
--

INSERT INTO `diagnostico` (`IdDiagnostico`, `Descricao`, `IdUnidadeInternacao`) VALUES
(8, 'CONTROLE INEFICAZ DA SAÚDE: Padrão de regulação e integração à vida diária de um regime terapêutico para tratamento de doenças e suas sequelas que é insatisfatório para alcançar metas específicas de saúde.', 1),
(9, 'DISPOSIÇÃO PARA CONTROLE DA SAÚDE MELHORADO: Padrão de regulação e integração à vida diária de um regime terapêutico para o tratamento de doenças e suas sequelas que pode ser melhorado.', 1),
(10, 'MANUTENÇÃO INEFICAZ DA SAÚDE: Incapacidade de identificar, controlar e/ou buscar ajuda para manter o bem-estar.', 1),
(11, 'PROTEÇÃO INEFICAZ: Diminuição na capacidade de se proteger de ameaças internas ou externas, como doenças ou lesões.', 1),
(12, 'SÍNDROME DO IDOSO FRÁGIL: Estado dinâmico de equilíbrio instável que afeta o idoso que passa por deterioração em um ou mais domínios de saúde (físico, funcional, psicológico ou social) e leva ao aumento da suscetibilidade a efeitos de saúde adversos, em particular a incapacidade.', 1),
(13, 'Débito cardíaco diminuído: Volume de sangue bombeado pelo coração inadequado para atender às demandas metabólicas do organismo.', 1),
(15, 'Hipotermia: Temperatura corporal central abaixo dos parâmetros diurnos normais.', 1),
(16, 'Nutrição desequilibrada: menor do que as necessidades corporais -   Ingestão de nutrientes insuficiente para satisfazer às necessidades metabólicas.', 1),
(17, 'RISCO DE SÍNDROME DO IDOSO FRÁGIL: Suscetibilidade a estado dinâmico de equilíbrio instável, que passa por deterioração em um ou mais domínios de saúde (físico, funcional, psicológico ou social).', 1),
(18, 'DEGLUTIÇÃO PREJUDICADA: Funcionamento anormal da deglutição associado a déficits na estrutura ou função oral, faríngea ou esofágica.', 1),
(19, 'DINÂMICA ALIMENTAR ineficaz do adolescente: Comportamentos alimentares alterados que resultam em padrões de alimentação excessiva ou insuficiente.', 1),
(20, 'NUTRIÇÃO DESEQUILIBRADA menor do que as necessidades corporais:  Ingestão de nutrientes insuficiente para às necessidades metabólicas.', 1),
(21, 'DISPOSIÇÃO PARA NUTRIÇÃO MELHORADA: Padrão de ingestão de nutrientes que pode ser melhorado.', 1),
(22, 'OBESIDADE: Condição em que o indivíduo acumula gordura excessiva para a idade e o sexo.', 1),
(23, 'SOBREPESO: Condição em que o indivíduo acumula gordura excessiva para a idade e o sexo.', 1),
(24, 'RISCO DE SOBREPESO: Suscetibilidade ao acúmulo de gordura excessiva para a idade e o sexo que pode comprometer a saúde.', 1),
(26, 'RISCO DE FUNÇÃO HEPÁTICA PREJUDICADA: Suscetibilidade à diminuição na função hepática.', 1),
(27, 'RISCO DE GLICEMIA INSTÁVEL: Suscetibilidade à variação dos níveis séricos de glicose em relação à faixa normal.', 1),
(28, 'RISCO DE SÍNDROME DO DESQUILÍBRIO METABÓLICO: Suscetibilidade a um agrupamento tóxico de fatores bioquímicos e fisiológicos associados a doença cardiovascular por obesidade e diabetes tipo 2.', 1),
(29, 'RISCO DE DESEQUILÍBRIO ELETROLÍTICO: Suscetibilidade a mudanças nos níveis de eletrólitos séricos.', 1),
(30, 'VOLUME DE LÍQUIDOS DEFICIENTE: Diminuição do líquido intravascular, intersticial e/ou intracelular. ', 1),
(31, 'RISCO DE VOLUME DE LÍQUIDOS DEFICIENTE: Suscetibilidade à diminuição do volume de líquido intravascular, intersticial e/ou intracelular.', 1),
(32, 'VOLUME DE LÍQUIDOS EXCESSIVO: Entrada excessiva e/ou retenção de líquidos.', 1),
(33, 'RISCO DE VOLUME DE LÍQUIDOS DESEQUILIBRADO: Suscetibilidade a diminuição ou aumento de líquidos corporais.', 1),
(34, 'ELIMINAÇÃO URINÁRIA PREJUDICADA: Disfunção na eliminação de urina.', 1),
(35, 'INCONTINÊNCIA URINÁRIA DE ESFORÇO: Perda repentina de urina com atividades que aumentam a pressão intra abdominal.', 1),
(36, 'INCONTINÊNCIA URINÁRIA DE URGÊNCIA: Perda involuntária de urina após uma forte sensação de urgência para urinar.', 1),
(37, 'INCONTINÊNCIA URINÁRIA POR TRANSBORDAMENTO: Perda involuntária de urina associada à distensão excessiva da bexiga.', 1),
(38, 'RETENÇÃO URINÁRIA: Incapacidade de esvaziar completamente a bexiga.', 1),
(39, 'CONSTIPAÇÃO: Diminuição na frequência normal de evacuação, eliminação difícil ou incompleta de fezes e/ou eliminação de fezes excessivamente duras e secas.', 1),
(40, 'RISCO DE CONSTIPAÇÃO: Suscetibilidade à diminuição na frequência normal de evacuação, acompanhada por eliminação difícil ou incompleta de fezes.', 1),
(41, 'CONSTIPAÇÃO PERCEBIDA: Autodiagnóstico de constipação combinado com abuso de laxantes.', 1),
(42, 'CONSTIPAÇÃO FUNCIONAL CRÔNICA: Evacuação de fezes infrequente ou difícil, presente há pelo menos 3 dos 12 meses anteriores.', 1),
(43, 'RISCO DE CONSTIPAÇÃO FUNCIONAL CRÔNICA: Suscetibilidade à evacuação de fezes infrequente ou difícil, presente em quase 3 dos 12 meses anteriores.', 1),
(44, 'DIARREIA: Eliminação de fezes soltas e não formadas.', 1),
(45, 'INCONTINÊNCIA INTESTINAL: Eliminação involuntária de fezes.', 1),
(46, 'MOTILIDADE GASTRINTESTINAL DISFUNCIONAL: Atividade peristáltica aumentada, diminuída, ineficaz ou ausente.', 1),
(48, 'RISCO DE MOTILIDADE GASTRINTESTINAL DISFUNCIONAL: Suscetibilidade a atividade peristáltica aumentada, diminuída, ineficaz ou ausente no sistema gastrintestinal.', 1),
(49, 'TROCA DE GASES PREJUDICADA: Excesso ou déficit na oxigenação e/ou na eliminação de dióxido de carbono na membrana alveolocapilar.', 1),
(50, 'INSÔNIA: Distúrbio na quantidade e qualidade do sono que prejudica o desempenho normal das funções da vida diária.', 1),
(51, 'DISTÚRBIO NO PADRÃO DE SONO: Despertares com tempo limitado em razão de fatores externos.', 1),
(52, 'MOBILIDADE FÍSICA PREJUDICADA: Limitação no movimento independente e voluntário do corpo ou de uma ou mais extremidades.', 1),
(53, 'MOBILIDADE NO LEITO PREJUDICADA: Limitação de movimento independente de uma posição para outra no leito.', 1),
(54, 'RISCO DE SÍNDROME DO DESUSO: Suscetibilidade à deterioração de sistemas do corpo como resultado de inatividade musculoesquelética prescrita ou inevitável.', 1),
(55, 'FADIGA: Sensação opressiva e prolongada de exaustão e capacidade diminuída de realizar trabalho físico e mental no nível habitual.', 1),
(56, 'RISCO DE DÉBITO CARDÍACO DIMINUÍDO: Suscetibilidade a volume de sangue bombeado pelo coração inadequado para atender às demandas metabólicas.', 1),
(57, 'PADRÃO RESPIRATÓRIO INEFICAZ: Inspiração e/ou expiração que não proporciona ventilação adequada.', 1),
(58, 'RISCO DE PERFUSÃO TISSULAR CARDÍACA DIMINUÍDA: Suscetibilidade a uma redução na circulação cardíaca.', 1),
(59, 'RISCO DE PERFUSÃO TISSULAR CEREBRAL INEFICAZ: Suscetibilidade a uma redução na circulação do tecido cerebral.', 1),
(60, 'PERFUSÃO TISSULAR PERIFÉRICA INEFICAZ: Redução da circulação sanguínea para a periferia.', 1),
(61, 'RISCO DE PERFUSÃO TISSULAR PERIFÉRICA INEFICAZ: Suscetibilidade a uma redução da circulação sanguínea para a periferia.', 1),
(62, 'RISCO DE PRESSÃO ARTERIAL INSTÁVEL: Suscetibilidade a forças oscilantes do fluxo sanguíneo pelos vasos arteriais.', 1),
(63, 'RESPOSTA DISFUNCIONAL AO DESMAME VENTILATÓRIO: Incapacidade de ajustar-se a níveis diminuídos de suporte ventilatório mecânico que interrompe e prolonga o processo de desmame.', 1),
(64, 'INTOLERÂNCIA À ATIVIDADE: Energia fisiológica ou psicológica insuficiente para suportar ou completar as atividades diárias requeridas ou desejadas.', 1),
(65, 'RISCO DE INTOLERÂNCIA À ATIVIDADE: Suscetibilidade a energia fisiológica ou psicológica insuficiente para suportar ou completar as atividades diárias requeridas ou desejadas que pode comprometer a saúde.', 1),
(66, 'VENTILAÇÃO ESPONTÂNEA PREJUDICADA: Incapacidade de iniciar e/ou manter respiração independente que seja adequada para sustentação da vida.', 1),
(67, 'DÉFICIT NO AUTOCUIDADO PARA ALIMENTAÇÃO: Incapacidade de alimentar-se de forma independente.', 1),
(76, 'CONFUSÃO AGUDA: Distúrbios reversíveis de consciência, atenção, cognição e percepção que surgem em um período de tempo breve, com duração inferior a 3 meses.', 1),
(77, 'RISCO DE CONFUSÃO AGUDA: Suscetibilidade a distúrbios reversíveis de consciência, atenção, cognição e percepção que surgem em um período de tempo breve e que podem comprometer a saúde.', 1),
(78, 'CONFUSÃO CRÔNICA: Alteração irreversível, progressiva, insidiosa e prolongada do intelecto, do comportamento e da personalidade, manifestada por prejuízo nas funções cognitivas  e dependência na execução das atividades diárias.', 1),
(79, 'CONHECIMENTO DEFICIENTE: Ausência de informações cognitivas ou de aquisição de informações relativas a um tópico específico.', 1),
(80, 'CONTROLE DE IMPULSOS INEFICAZ: Padrão de reações rápidas e não planejadas a estímulos internos ou externos, sem levar em conta as consequências negativas dessas reações ao indivíduo impulsivo ou aos outros.', 1),
(81, 'CONTROLE EMOCIONAL LÁBIL: Rompantes incontroláveis de expressão emocional exagerada e involuntária.', 1),
(82, 'MEMÓRIA PREJUDICADA: Incapacidade persistente de recordar ou recuperar partes de informações ou habilidades.', 1),
(83, 'DISPOSIÇÃO PARA COMUNICAÇÃO MELHORADA: Padrão de troca de informações e ideias com outros que pode ser melhorado.', 1),
(84, 'COMUNICAÇÃO VERBAL PREJUDICADA: Capacidade diminuída, retardada ou ausente para receber, processar, transmitir e/ou usar um sistema de símbolos.', 1),
(85, 'DISPOSIÇÃO PARA AUTOCONCEITO MELHORADO: Padrão de percepções ou ideias sobre si mesmo que pode ser melhorado.', 1),
(86, 'DESESPERANÇA: Estado subjetivo no qual um indivíduo vê alternativas limitadas ou não vê alternativas e é incapaz de mobilizar energias em benefício próprio.', 1),
(87, 'DISPOSIÇÃO PARA ESPERANÇA MELHORADA: Padrão de expectativas e desejos para mobilizar energias em benefício próprio que pode ser melhorado.', 1),
(88, 'DISTÚRBIO NA IDENTIDADE PESSOAL: Incapacidade de manter uma percepção integrada e completa de si mesmo.', 1),
(89, 'RISCO DE DISTÚRBIO NA IDENTIDADE PESSOAL: Suscetibilidade à incapacidade de manter uma percepção integrada e completa de si mesmo que pode comprometer a saúde.', 1),
(90, 'BAIXA AUTOESTIMA CRÔNICA: Avaliação e/ou sentimentos negativos sobre as próprias capacidades, com duração de pelo menos 3 meses.', 1),
(91, 'RISCO DE BAIXA AUTOESTIMA CRÔNICA: Suscetibilidade a avaliação e/ou sentimentos negativos e prolongados sobre as próprias capacidades que pode comprometer a saúde.', 1),
(92, 'BAIXA AUTOESTIMA SITUACIONAL: Desenvolvimento de percepção negativa sobre o seu próprio valor em resposta a uma situação atual.', 1),
(93, 'RISCO DE BAIXA AUTOESTIMA SITUACIONAL: Suscetibilidade ao desenvolvimento de uma percepção negativa sobre o seu próprio valor em resposta a uma situação atual que pode comprometer a saúde.', 1),
(94, 'TENSÃO DO PAPEL DE CUIDADOR: Dificuldade para atender a responsabilidades, expectativas e/ou comportamentos de cuidados relacionados à família ou a pessoas significativas.', 1),
(95, 'RISCO DE TENSÃO DO PAPEL DE CUIDADOR: Suscetibilidade a dificuldade para atender a responsabilidades, expectativas e/ou comportamentos de cuidados relacionados à família ou a pessoas significativas que pode comprometer a saúde.', 1),
(96, 'RISCO DE BINÔMIO MÃE-FETO PERTURBADO: Suscetibilidade à ruptura da relação simbiótica mãe-feto em consequência de comorbidade ou problemas relacionados à gestação que pode comprometer a saúde.', 1),
(97, 'SÍNDROME PÓS-TRAUMA: Resposta mal-adaptada e sustentada a evento traumático e opressivo.', 1),
(98, 'RISCO DE SÍNDROME PÓS-TRAUMA: Suscetibilidade a resposta mal-adaptada e sustentada a evento traumático e opressivo que pode comprometer a saúde.', 1),
(99, 'ANSIEDADE: Sentimento vago e incômodo de desconforto ou temor, de apreensão causado pela antecipação de perigo. ', 1),
(100, 'ANSIEDADE RELACIONADA À MORTE: Sentimento de desconforto ou temor gerado por percepções de uma ameaça real ou imaginária.', 1),
(101, 'ENFRENTAMENTO INEFICAZ: Padrão de avaliação inválida de estressores, que falha em controlar as demandas relativas ao bem estar.', 1),
(102, 'DISPOSIÇÃO PARA ENFRENTAMENTO MELHORADO: Padrão de avaliação válida de estressores, para controlar as demandas relativas ao bem-estar, que pode ser melhorado.', 1),
(103, 'MEDO: Resposta a uma ameaça percebida que é conscientemente reconhecida como um perigo.', 1),
(104, 'NEGAÇÃO INEFICAZ: Tentativa consciente ou inconsciente de negar o significado de um evento para reduzir ansiedade e/ou medo, o que leva a prejuízo da saúde.', 1),
(105, 'REGULAÇÃO DO HUMOR PREJUDICADA: Estado mental caracterizado por mudanças no humor variando de leves a graves.', 1),
(106, 'SENTIMENTO DE IMPOTÊNCIA: Experiência vivida de falta de controle sobre uma situação, onde as próprias ações não afetam um resultado.', 1),
(107, 'RISCO DE SENTIMENTO DE IMPOTÊNCIA: Suscetibilidade à experiência vivida de falta de controle sobre uma situação, onde as próprias ações não afetam um resultado.', 1),
(108, 'TRISTEZA CRÔNICA: Padrão recorrente e  progressivo de tristeza vivenciada (por pai/mãe, cuidador ou indivíduo com doença crônica ou deficiência) em resposta à perda.', 1),
(109, 'CAPACIDADE ADAPTATIVA INTRACRANIANA DIMINUÍDA: Os mecanismos da dinâmica dos fluidos intracranianos estão comprometidos, resultando em repetidos aumentos na pressão intracraniana por uma variedade de estímulos nocivos e não nocivos.', 1),
(110, 'DISREFLEXIA AUTONÔMICA: Resposta não inibida do sistema nervoso simpático a um estímulo nocivo após lesão de medula espinhal na sétima vértebra torácica (T7) ou acima.', 1),
(111, 'RISCO DE DISREFLEXIA AUTONÔMICA: Suscetibilidade  à resposta não inibida do sistema nervoso simpático a um estímulo nocivo após lesão de medula espinhal na sétima vértebra torácica (T7) ou acima. ', 1);

-- --------------------------------------------------------

--
-- Estrutura para tabela `diagnosticoprescricao`
--

CREATE TABLE `diagnosticoprescricao` (
  `IdDiagnostico` int(11) NOT NULL,
  `IdPrescricao` int(11) NOT NULL
) ENGINE=InnoDB DEFAULT CHARSET=latin1;

--
-- Despejando dados para a tabela `diagnosticoprescricao`
--

INSERT INTO `diagnosticoprescricao` (`IdDiagnostico`, `IdPrescricao`) VALUES
(8, 11),
(8, 12),
(8, 13),
(8, 14),
(8, 15),
(8, 81),
(8, 82),
(8, 83),
(8, 84),
(9, 19),
(9, 20),
(9, 21),
(9, 22),
(9, 23),
(9, 24),
(9, 25),
(9, 26),
(10, 27),
(10, 28),
(10, 29),
(10, 30),
(10, 31),
(11, 32),
(11, 33),
(11, 35),
(11, 36),
(11, 37),
(11, 38),
(11, 39),
(11, 40),
(11, 41),
(11, 42),
(11, 43),
(11, 44),
(12, 45),
(12, 46),
(12, 47),
(12, 48),
(12, 49),
(12, 50),
(12, 51),
(12, 52),
(13, 64),
(13, 65),
(13, 66),
(13, 67),
(13, 68),
(13, 631),
(13, 632),
(13, 633),
(13, 635),
(13, 636),
(13, 637),
(13, 638),
(13, 639),
(13, 640),
(13, 641),
(13, 642),
(13, 643),
(13, 644),
(15, 69),
(15, 71),
(15, 72),
(16, 74),
(16, 75),
(17, 90),
(17, 91),
(17, 92),
(17, 93),
(17, 94),
(17, 95),
(17, 96),
(17, 97),
(18, 98),
(18, 99),
(18, 100),
(18, 101),
(18, 102),
(18, 103),
(18, 104),
(18, 105),
(18, 106),
(18, 107),
(18, 108),
(18, 109),
(18, 110),
(18, 111),
(19, 112),
(19, 113),
(19, 114),
(19, 115),
(19, 116),
(19, 117),
(19, 118),
(19, 119),
(19, 120),
(20, 121),
(20, 122),
(20, 123),
(20, 124),
(20, 125),
(20, 126),
(20, 127),
(20, 128),
(20, 129),
(20, 130),
(20, 131),
(20, 132),
(20, 133),
(20, 134),
(20, 135),
(20, 136),
(20, 137),
(20, 138),
(20, 139),
(20, 140),
(20, 141),
(20, 142),
(20, 143),
(21, 144),
(21, 145),
(21, 146),
(21, 147),
(21, 148),
(21, 149),
(21, 150),
(21, 151),
(21, 152),
(21, 153),
(21, 154),
(21, 157),
(22, 160),
(22, 161),
(22, 162),
(22, 163),
(22, 164),
(22, 165),
(22, 166),
(22, 167),
(22, 169),
(22, 170),
(22, 171),
(22, 172),
(22, 173),
(22, 174),
(22, 175),
(22, 176),
(22, 177),
(22, 178),
(22, 179),
(22, 180),
(23, 182),
(23, 183),
(23, 184),
(23, 185),
(23, 186),
(23, 187),
(23, 188),
(23, 189),
(23, 190),
(23, 191),
(23, 192),
(23, 193),
(23, 194),
(23, 195),
(23, 196),
(23, 198),
(23, 199),
(23, 200),
(23, 201),
(23, 202),
(23, 203),
(23, 204),
(23, 205),
(23, 206),
(23, 207),
(23, 209),
(23, 232),
(24, 208),
(24, 210),
(24, 211),
(24, 212),
(24, 213),
(24, 214),
(24, 215),
(24, 216),
(24, 217),
(24, 218),
(24, 219),
(24, 221),
(24, 222),
(24, 223),
(24, 224),
(24, 225),
(24, 226),
(24, 227),
(24, 228),
(24, 229),
(24, 230),
(24, 231),
(26, 233),
(26, 234),
(26, 235),
(26, 236),
(26, 237),
(27, 238),
(27, 239),
(27, 240),
(27, 241),
(27, 242),
(27, 243),
(27, 244),
(28, 245),
(28, 246),
(28, 247),
(28, 248),
(28, 249),
(28, 250),
(28, 251),
(28, 252),
(29, 253),
(29, 254),
(29, 255),
(29, 256),
(29, 257),
(29, 258),
(29, 259),
(29, 260),
(29, 261),
(29, 262),
(29, 263),
(29, 264),
(29, 265),
(29, 266),
(29, 267),
(29, 277),
(29, 279),
(30, 268),
(30, 269),
(30, 270),
(30, 271),
(30, 272),
(30, 273),
(30, 274),
(30, 275),
(30, 276),
(30, 278),
(30, 280),
(31, 281),
(31, 282),
(31, 283),
(31, 284),
(31, 285),
(31, 286),
(31, 287),
(31, 288),
(31, 289),
(31, 290),
(31, 291),
(31, 292),
(31, 293),
(31, 294),
(31, 295),
(32, 296),
(32, 297),
(32, 298),
(32, 299),
(32, 300),
(32, 301),
(32, 302),
(32, 303),
(32, 304),
(32, 305),
(32, 306),
(32, 307),
(32, 308),
(32, 309),
(32, 310),
(32, 311),
(32, 312),
(32, 313),
(33, 314),
(33, 315),
(33, 316),
(33, 317),
(33, 318),
(33, 319),
(33, 320),
(33, 321),
(33, 322),
(33, 323),
(33, 324),
(33, 325),
(33, 326),
(33, 327),
(33, 328),
(33, 329),
(33, 330),
(33, 331),
(33, 332),
(33, 334),
(34, 335),
(34, 336),
(34, 337),
(34, 338),
(34, 339),
(34, 340),
(34, 341),
(34, 342),
(34, 343),
(34, 344),
(34, 345),
(35, 346),
(35, 347),
(35, 348),
(35, 349),
(35, 350),
(36, 351),
(36, 352),
(36, 353),
(36, 354),
(36, 355),
(36, 356),
(36, 357),
(36, 358),
(36, 359),
(36, 360),
(37, 11),
(37, 361),
(37, 362),
(37, 363),
(37, 365),
(37, 366),
(38, 367),
(38, 368),
(38, 369),
(38, 370),
(38, 371),
(38, 372),
(38, 373),
(38, 374),
(39, 375),
(39, 376),
(39, 377),
(39, 378),
(39, 379),
(39, 380),
(39, 381),
(39, 382),
(39, 383),
(39, 384),
(39, 385),
(39, 386),
(39, 387),
(39, 388),
(39, 389),
(39, 390),
(39, 391),
(40, 392),
(40, 393),
(40, 394),
(40, 395),
(40, 396),
(40, 397),
(40, 398),
(40, 399),
(40, 400),
(40, 401),
(40, 402),
(40, 403),
(40, 404),
(40, 405),
(40, 406),
(40, 407),
(40, 408),
(41, 409),
(41, 410),
(41, 411),
(41, 412),
(41, 413),
(41, 414),
(41, 415),
(41, 416),
(41, 417),
(41, 418),
(41, 419),
(41, 420),
(41, 421),
(41, 422),
(41, 423),
(41, 424),
(41, 425),
(42, 426),
(42, 427),
(42, 428),
(42, 429),
(42, 431),
(42, 432),
(42, 433),
(42, 434),
(42, 435),
(42, 436),
(42, 437),
(42, 438),
(42, 439),
(42, 440),
(42, 441),
(42, 442),
(43, 11),
(43, 443),
(43, 444),
(43, 445),
(43, 446),
(43, 447),
(43, 449),
(43, 450),
(43, 451),
(43, 452),
(43, 453),
(43, 454),
(43, 455),
(43, 456),
(43, 457),
(43, 458),
(43, 459),
(43, 460),
(44, 461),
(44, 462),
(44, 463),
(44, 464),
(44, 465),
(44, 466),
(44, 467),
(44, 468),
(44, 469),
(44, 470),
(44, 471),
(44, 472),
(44, 473),
(44, 474),
(44, 475),
(44, 476),
(44, 477),
(44, 478),
(44, 479),
(44, 480),
(44, 481),
(45, 482),
(45, 483),
(45, 484),
(45, 485),
(45, 486),
(45, 487),
(45, 488),
(45, 489),
(45, 490),
(45, 491),
(45, 492),
(45, 493),
(45, 494),
(45, 495),
(46, 496),
(46, 497),
(46, 499),
(46, 500),
(46, 501),
(46, 502),
(46, 503),
(46, 504),
(46, 505),
(48, 506),
(48, 507),
(48, 508),
(48, 509),
(48, 510),
(48, 511),
(48, 512),
(48, 513),
(48, 514),
(49, 515),
(49, 516),
(49, 517),
(49, 518),
(49, 519),
(49, 520),
(49, 521),
(49, 522),
(49, 523),
(49, 524),
(49, 525),
(49, 526),
(49, 527),
(49, 528),
(49, 529),
(49, 530),
(49, 531),
(49, 532),
(49, 533),
(49, 534),
(49, 535),
(49, 536),
(49, 537),
(49, 538),
(49, 539),
(49, 540),
(49, 541),
(49, 542),
(50, 543),
(50, 544),
(50, 545),
(50, 546),
(50, 547),
(51, 548),
(51, 549),
(51, 550),
(51, 551),
(51, 552),
(51, 553),
(52, 554),
(52, 555),
(52, 556),
(52, 557),
(52, 558),
(52, 559),
(52, 560),
(52, 561),
(52, 562),
(52, 563),
(52, 564),
(52, 565),
(52, 566),
(52, 567),
(52, 568),
(52, 569),
(52, 570),
(52, 571),
(52, 572),
(52, 573),
(52, 574),
(52, 575),
(52, 576),
(52, 577),
(53, 579),
(53, 580),
(53, 581),
(53, 582),
(53, 583),
(53, 584),
(53, 585),
(53, 586),
(53, 587),
(53, 588),
(53, 589),
(53, 590),
(53, 591),
(53, 592),
(53, 593),
(53, 594),
(53, 595),
(53, 596),
(54, 597),
(54, 598),
(54, 599),
(54, 600),
(54, 601),
(54, 602),
(54, 603),
(54, 604),
(54, 605),
(54, 606),
(54, 607),
(54, 608),
(54, 609),
(54, 610),
(54, 611),
(55, 612),
(55, 613),
(55, 614),
(55, 616),
(55, 617),
(55, 618),
(55, 619),
(55, 620),
(55, 621),
(55, 622),
(55, 624),
(55, 625),
(55, 626),
(55, 627),
(55, 628),
(55, 629),
(55, 630),
(56, 645),
(56, 646),
(56, 647),
(56, 648),
(56, 649),
(56, 650),
(56, 651),
(56, 652),
(56, 653),
(56, 654),
(56, 655),
(56, 656),
(56, 657),
(56, 658),
(56, 659),
(56, 660),
(57, 661),
(57, 662),
(57, 663),
(57, 664),
(57, 665),
(57, 666),
(57, 667),
(57, 668),
(57, 669),
(57, 670),
(57, 671),
(57, 672),
(57, 673),
(57, 674),
(57, 675),
(57, 676),
(57, 677),
(57, 678),
(57, 679),
(57, 680),
(57, 681),
(57, 682),
(57, 683),
(57, 684),
(57, 685),
(57, 686),
(57, 687),
(57, 688),
(57, 689),
(57, 690),
(57, 691),
(58, 692),
(58, 693),
(58, 694),
(58, 695),
(58, 697),
(58, 698),
(58, 699),
(59, 700),
(59, 701),
(59, 702),
(59, 703),
(59, 704),
(59, 705),
(59, 706),
(59, 707),
(59, 708),
(59, 709),
(59, 710),
(59, 711),
(59, 712),
(59, 713),
(59, 714),
(59, 715),
(59, 716),
(59, 717),
(59, 718),
(59, 719),
(59, 720),
(60, 721),
(60, 722),
(60, 723),
(60, 724),
(61, 725),
(61, 726),
(61, 727),
(61, 728),
(62, 729),
(62, 730),
(62, 731),
(62, 732),
(62, 733),
(62, 734),
(62, 735),
(62, 736),
(62, 737),
(63, 738),
(63, 739),
(63, 740),
(63, 741),
(63, 742),
(63, 743),
(63, 744),
(63, 745),
(63, 746),
(63, 747),
(63, 748),
(63, 749),
(63, 750),
(63, 751),
(63, 752),
(63, 753),
(63, 754),
(63, 755),
(63, 756),
(63, 757),
(63, 758),
(63, 759),
(63, 760),
(63, 761),
(63, 762),
(64, 763),
(64, 764),
(64, 765),
(64, 766),
(64, 767),
(64, 768),
(64, 769),
(64, 770),
(64, 771),
(64, 772),
(64, 773),
(64, 774),
(64, 775),
(64, 776),
(64, 777),
(64, 778),
(65, 779),
(65, 780),
(65, 781),
(65, 782),
(65, 783),
(65, 784),
(65, 785),
(65, 786),
(65, 787),
(65, 788),
(65, 789),
(65, 790),
(65, 791),
(65, 792),
(65, 793),
(65, 794),
(66, 795),
(66, 796),
(66, 797),
(66, 798),
(66, 799),
(66, 800),
(66, 801),
(66, 802),
(66, 803),
(66, 804),
(66, 805),
(66, 806),
(66, 807),
(66, 808),
(66, 809),
(66, 810),
(66, 811),
(66, 812),
(66, 813),
(66, 814),
(66, 815),
(66, 816),
(66, 817),
(66, 818),
(66, 819),
(66, 820),
(66, 821),
(66, 823),
(66, 824),
(66, 825),
(67, 826),
(67, 827),
(67, 828),
(67, 829),
(67, 830),
(67, 831),
(67, 832),
(67, 833),
(67, 834),
(67, 835),
(67, 836),
(67, 837),
(67, 839),
(67, 840),
(76, 841),
(76, 842),
(76, 843),
(76, 844),
(76, 845),
(76, 846),
(76, 847),
(76, 848),
(76, 849),
(76, 850),
(76, 851),
(76, 852),
(76, 853),
(76, 854),
(76, 855),
(77, 856),
(77, 857),
(77, 858),
(77, 859),
(77, 860),
(77, 861),
(77, 862),
(77, 863),
(77, 864),
(77, 865),
(77, 866),
(77, 867),
(77, 868),
(78, 869),
(78, 870),
(78, 871),
(78, 872),
(78, 873),
(78, 874),
(78, 875),
(78, 876),
(78, 877),
(78, 878),
(78, 879),
(79, 880),
(79, 881),
(79, 882),
(79, 883),
(79, 884),
(79, 885),
(79, 886),
(79, 887),
(79, 888),
(80, 889),
(80, 890),
(80, 891),
(80, 892),
(80, 893),
(80, 894),
(80, 895),
(80, 896),
(80, 897),
(80, 898),
(80, 899),
(80, 900),
(80, 901),
(80, 902),
(80, 903),
(80, 904),
(80, 905),
(81, 907),
(81, 908),
(81, 909),
(81, 910),
(81, 911),
(81, 912),
(81, 913),
(81, 914),
(81, 915),
(81, 916),
(81, 917),
(81, 918),
(81, 919),
(81, 920),
(81, 921),
(81, 922),
(81, 923),
(82, 924),
(82, 925),
(82, 926),
(82, 927),
(82, 928),
(82, 929),
(82, 930),
(82, 931),
(82, 932),
(83, 933),
(83, 934),
(83, 935),
(83, 936),
(83, 937),
(83, 938),
(83, 939),
(83, 940),
(83, 941),
(83, 942),
(84, 943),
(84, 944),
(84, 945),
(85, 947),
(85, 948),
(85, 949),
(85, 950),
(85, 951),
(86, 952),
(86, 953),
(86, 954),
(86, 955),
(86, 956),
(86, 957),
(86, 958),
(86, 959),
(86, 960),
(86, 961),
(86, 962),
(86, 963),
(86, 964),
(86, 965),
(86, 966),
(86, 967),
(87, 968),
(87, 969),
(87, 970),
(87, 971),
(87, 972),
(87, 973),
(87, 974),
(87, 975),
(87, 976),
(87, 977),
(87, 978),
(87, 979),
(87, 981),
(87, 982),
(87, 983),
(87, 984),
(88, 985),
(88, 986),
(88, 987),
(88, 988),
(88, 989),
(88, 990),
(89, 991),
(89, 992),
(89, 993),
(89, 994),
(89, 995),
(90, 996),
(90, 997),
(90, 998),
(90, 999),
(90, 1000),
(90, 1001),
(90, 1002),
(90, 1003),
(90, 1004),
(90, 1005),
(90, 1006),
(91, 1007),
(91, 1008),
(91, 1009),
(91, 1010),
(91, 1011),
(91, 1012),
(91, 1013),
(91, 1014),
(91, 1015),
(91, 1016),
(91, 1017),
(92, 1018),
(92, 1019),
(92, 1020),
(92, 1021),
(92, 1022),
(92, 1023),
(92, 1024),
(92, 1025),
(92, 1026),
(92, 1027),
(92, 1028),
(92, 1029),
(92, 1030),
(92, 1031),
(92, 1032),
(92, 1033),
(93, 1035),
(93, 1036),
(93, 1037),
(93, 1038),
(93, 1039),
(93, 1040),
(93, 1041),
(93, 1042),
(93, 1043),
(93, 1044),
(93, 1045),
(93, 1046),
(93, 1047),
(93, 1048),
(93, 1049),
(93, 1050),
(94, 1051),
(94, 1052),
(94, 1053),
(94, 1054),
(94, 1055),
(94, 1056),
(94, 1057),
(94, 1058),
(95, 1059),
(95, 1060),
(95, 1061),
(95, 1062),
(95, 1063),
(95, 1064),
(95, 1066),
(95, 1067),
(96, 1068),
(96, 1069),
(96, 1070),
(96, 1071),
(96, 1072),
(96, 1073),
(96, 1074),
(96, 1075),
(96, 1076),
(96, 1077),
(97, 1078),
(97, 1079),
(97, 1080),
(97, 1081),
(97, 1082),
(97, 1083),
(97, 1084),
(97, 1085),
(97, 1086),
(97, 1087),
(97, 1088),
(97, 1089),
(97, 1090),
(97, 1091),
(97, 1092),
(97, 1093),
(97, 1094),
(97, 1095),
(97, 1096),
(97, 1097),
(97, 1098),
(97, 1099),
(97, 1100),
(97, 1101),
(98, 1102),
(98, 1103),
(98, 1104),
(98, 1105),
(98, 1106),
(98, 1107),
(98, 1108),
(98, 1109),
(98, 1110),
(98, 1111),
(98, 1112),
(98, 1113),
(98, 1114),
(98, 1115),
(98, 1116),
(98, 1117),
(98, 1118),
(98, 1119),
(98, 1120),
(98, 1121),
(98, 1122),
(98, 1123),
(99, 1124),
(99, 1125),
(99, 1126),
(99, 1127),
(99, 1128),
(99, 1129),
(99, 1130),
(99, 1131),
(99, 1132),
(99, 1133),
(99, 1134),
(99, 1135),
(99, 1136),
(99, 1137),
(99, 1138),
(99, 1139),
(99, 1140),
(99, 1141),
(99, 1142),
(100, 1143),
(100, 1144),
(100, 1145),
(100, 1146),
(100, 1147),
(100, 1148),
(100, 1149),
(100, 1150),
(100, 1151),
(100, 1152),
(101, 1153),
(101, 1154),
(101, 1155),
(101, 1156),
(101, 1157),
(101, 1158),
(101, 1159),
(101, 1160),
(101, 1161),
(101, 1162),
(101, 1163),
(101, 1164),
(101, 1165),
(101, 1166),
(101, 1167),
(101, 1168),
(101, 1169),
(101, 1170),
(101, 1171),
(101, 1172),
(101, 1173),
(102, 1174),
(102, 1175),
(102, 1176),
(102, 1177),
(102, 1178),
(102, 1179),
(102, 1180),
(102, 1181),
(102, 1182),
(102, 1183),
(102, 1184),
(102, 1186),
(102, 1187),
(102, 1188),
(102, 1189),
(102, 1190),
(102, 1191),
(102, 1192),
(102, 1193),
(102, 1194),
(102, 1195),
(103, 1196),
(103, 1197),
(103, 1198),
(103, 1199),
(103, 1200),
(103, 1201),
(103, 1202),
(103, 1203),
(103, 1210),
(103, 1211),
(103, 1212),
(103, 1213),
(103, 1214),
(103, 1215),
(103, 1216),
(103, 1217),
(103, 1218),
(103, 1219),
(103, 1220),
(103, 1221),
(103, 1222),
(104, 1223),
(104, 1224),
(104, 1226),
(104, 1227),
(104, 1228),
(104, 1229),
(104, 1230),
(104, 1231),
(104, 1232),
(104, 1233),
(104, 1234),
(104, 1235),
(105, 1236),
(105, 1237),
(105, 1238),
(105, 1239),
(105, 1240),
(105, 1241),
(105, 1242),
(105, 1243),
(105, 1244),
(105, 1245),
(105, 1246),
(105, 1247),
(105, 1248),
(105, 1249),
(105, 1250),
(105, 1251),
(105, 1252),
(105, 1253),
(105, 1254),
(105, 1255),
(106, 1256),
(106, 1257),
(106, 1258),
(106, 1259),
(106, 1260),
(106, 1261),
(106, 1262),
(106, 1263),
(106, 1264),
(106, 1265),
(106, 1266),
(106, 1267),
(106, 1268),
(106, 1269),
(107, 1270),
(107, 1271),
(107, 1272),
(107, 1273),
(107, 1274),
(107, 1275),
(107, 1276),
(107, 1277),
(107, 1278),
(107, 1279),
(107, 1280),
(107, 1281),
(107, 1282),
(107, 1283),
(108, 1284),
(108, 1285),
(108, 1286),
(108, 1287),
(108, 1288),
(108, 1289),
(108, 1290),
(108, 1292),
(108, 1293),
(109, 1294),
(109, 1295),
(109, 1296),
(109, 1297),
(109, 1298),
(109, 1299),
(109, 1300),
(109, 1301),
(109, 1302),
(109, 1303),
(110, 1304),
(110, 1305),
(110, 1306),
(110, 1307),
(110, 1308),
(110, 1310),
(110, 1311),
(110, 1312),
(111, 1313),
(111, 1314),
(111, 1316),
(111, 1317),
(111, 1318),
(111, 1319),
(111, 1320),
(111, 1321);

-- --------------------------------------------------------

--
-- Estrutura para tabela `formulario`
--

CREATE TABLE `formulario` (
  `IdFormulario` int(11) NOT NULL,
  `Descricao` varchar(100) NOT NULL
) ENGINE=InnoDB DEFAULT CHARSET=latin1;

--
-- Despejando dados para a tabela `formulario`
--

INSERT INTO `formulario` (`IdFormulario`, `Descricao`) VALUES
(10, 'Instrumento de Anamnese e Exame Físico - RN'),
(11, 'Instrumento de Anamnese e Exame Físico - Pediátrico'),
(12, 'Instrumento de Anamnese e Exame Físico - Adulto'),
(13, 'Cadastro Paciente - RN'),
(14, 'Cadastro Paciente - Pediátrico'),
(15, 'Cadastro Paciente - Adulto');

-- --------------------------------------------------------

--
-- Estrutura para tabela `funcionario`
--

CREATE TABLE `funcionario` (
  `IdFuncionario` int(11) NOT NULL,
  `nome` varchar(300) NOT NULL,
  `login` varchar(300) NOT NULL,
  `senha` varchar(300) NOT NULL,
  `IdTipoFuncionario` tinyint(4) NOT NULL
) ENGINE=InnoDB DEFAULT CHARSET=latin1;

--
-- Despejando dados para a tabela `funcionario`
--

INSERT INTO `funcionario` (`IdFuncionario`, `nome`, `login`, `senha`, `IdTipoFuncionario`) VALUES
(21, 'Fabricia', 'fabricia', '123', 1),
(23, 'jose', 'jose', '123', 2),
(24, 'Fernanda Bicalho Amaral', 'febicalho', '02031984', 1),
(25, 'UTI HRAD', 'uti.hrad', 'hrad2019', 2);

-- --------------------------------------------------------

--
-- Estrutura para tabela `paciente`
--

CREATE TABLE `paciente` (
  `IdPaciente` int(11) NOT NULL,
  `Nome` varchar(100) NOT NULL,
  `IdUnidadeInternacao` tinyint(4) NOT NULL,
  `IdTipoPaciente` tinyint(4) NOT NULL,
  `CodigoPaciente` int(11) NOT NULL,
  `Leito` varchar(150) NOT NULL,
  `DataInternacao` date NOT NULL
) ENGINE=InnoDB DEFAULT CHARSET=latin1;

--
-- Despejando dados para a tabela `paciente`
--

INSERT INTO `paciente` (`IdPaciente`, `Nome`, `IdUnidadeInternacao`, `IdTipoPaciente`, `CodigoPaciente`, `Leito`, `DataInternacao`) VALUES
(1, 'Joao', 1, 1, 123, '', '0000-00-00'),
(15, 'teste', 1, 1, 21321, '', '0000-00-00'),
(16, 'dsadsa', 1, 3, 521321, '', '0000-00-00'),
(17, 'joao', 1, 1, 55555, '', '0000-00-00'),
(18, 'joao', 1, 1, 55555, '', '0000-00-00'),
(19, 'fsaoias', 1, 1, 0, '', '0000-00-00'),
(20, 'dsadsad', 1, 1, 321542151, '', '0000-00-00'),
(21, 'hjfgjdf', 1, 1, 654654654, '', '0000-00-00'),
(22, 'joao', 1, 3, 5343214, '', '0000-00-00'),
(23, 'fdaas', 1, 3, 321421, '', '0000-00-00'),
(24, 'teste', 1, 3, 123, '', '0000-00-00'),
(25, 'Joao', 1, 3, 123, '', '0000-00-00'),
(26, 'NomePaciente', 1, 1, 123, '', '0000-00-00'),
(27, 'CadastroPacienteNome', 1, 3, 12321, '', '0000-00-00'),
(28, 'theo', 1, 1, 45145, '', '0000-00-00'),
(29, 'theo', 1, 1, 5463, '', '0000-00-00'),
(30, 'theo', 1, 3, 5463, '', '0000-00-00'),
(31, 'Vinicius', 1, 3, 669, '', '0000-00-00'),
(32, 'roberto', 1, 1, 352, '', '0000-00-00'),
(33, 'lucas', 1, 3, 555, '', '0000-00-00'),
(34, 'Justos', 3, 3, 145, '', '0000-00-00'),
(35, 'Firmina', 3, 3, 25555, '', '0000-00-00'),
(36, 'Wander', 1, 3, 35689, '', '0000-00-00'),
(37, 'jose roberto', 1, 3, 1456, '', '0000-00-00'),
(38, 'Jose Antonio', 2, 2, 458, '', '0000-00-00'),
(39, '356', 1, 2, 0, '', '0000-00-00'),
(40, 'Maria Geralda de Sousa', 1, 2, 216949, '', '0000-00-00'),
(41, 'Maria Geralda de Sousa', 1, 2, 216949, '', '0000-00-00'),
(42, 'Antônio Henrique', 1, 3, 123, '', '0000-00-00'),
(43, 'Maria Geralda Sousa', 1, 3, 216949, '', '0000-00-00'),
(44, 'LUCAS JOSE', 1, 1, 5698, '57', '2019-07-02'),
(45, 'jose luis', 5, 2, 156, '', '0000-00-00'),
(46, 'lucas', 3, 2, 156, '', '0000-00-00');

-- --------------------------------------------------------

--
-- Estrutura para tabela `pacientediagnostico`
--

CREATE TABLE `pacientediagnostico` (
  `IdDiagnostico` int(11) NOT NULL,
  `IdQuestionarioDiagPresc` int(11) NOT NULL
) ENGINE=InnoDB DEFAULT CHARSET=latin1;

--
-- Despejando dados para a tabela `pacientediagnostico`
--

INSERT INTO `pacientediagnostico` (`IdDiagnostico`, `IdQuestionarioDiagPresc`) VALUES
(8, 2),
(8, 3),
(8, 7),
(9, 1),
(9, 7),
(9, 10),
(10, 1),
(10, 2),
(10, 3),
(10, 7),
(10, 9),
(10, 10),
(11, 7),
(11, 10),
(12, 11),
(13, 4),
(13, 5),
(15, 5),
(16, 5),
(19, 11),
(110, 8);

-- --------------------------------------------------------

--
-- Estrutura para tabela `pacienteprescricao`
--

CREATE TABLE `pacienteprescricao` (
  `IdDiagnostico` int(11) NOT NULL,
  `IdPrescricao` int(11) NOT NULL,
  `IdQuestionarioDiagPresc` int(11) NOT NULL,
  `Rotina` varchar(200) NOT NULL
) ENGINE=InnoDB DEFAULT CHARSET=latin1;

--
-- Despejando dados para a tabela `pacienteprescricao`
--

INSERT INTO `pacienteprescricao` (`IdDiagnostico`, `IdPrescricao`, `IdQuestionarioDiagPresc`, `Rotina`) VALUES
(8, 12, 3, '1:00 Hr'),
(8, 12, 7, 'Rotina'),
(8, 13, 3, '2:00 Hr'),
(9, 20, 1, '2:00 Hr'),
(9, 20, 7, 'Rotina'),
(9, 20, 10, 'Rotina'),
(9, 21, 1, '1:00 Hr'),
(9, 22, 10, 'Rotina'),
(10, 27, 10, 'Rotina'),
(10, 28, 1, '12:00 Hr'),
(10, 28, 3, '3:00 Hr'),
(10, 29, 1, '3:00 Hr'),
(10, 29, 3, '6:00 Hr'),
(10, 29, 7, 'Rotina'),
(10, 29, 10, 'Rotina'),
(11, 33, 7, '12:00 Hr'),
(11, 33, 10, '12:00 Hr'),
(11, 35, 10, 'Rotina'),
(12, 46, 11, '5:00 Hr'),
(13, 64, 5, '1:00 Hr'),
(13, 66, 5, '0:30 Hr'),
(13, 67, 5, '0:30 Hr'),
(13, 68, 5, '0:30 Hr'),
(15, 69, 5, '0:30 Hr'),
(15, 72, 5, '0:30 Hr'),
(16, 74, 5, '0:30 Hr'),
(16, 75, 5, '0:30 Hr'),
(19, 114, 11, '3:00 Hr');

-- --------------------------------------------------------

--
-- Estrutura para tabela `pacienteresultado`
--

CREATE TABLE `pacienteresultado` (
  `IdResultado` int(11) NOT NULL,
  `IdQuestionarioDiagPresc` int(11) NOT NULL
) ENGINE=InnoDB DEFAULT CHARSET=latin1;

--
-- Despejando dados para a tabela `pacienteresultado`
--

INSERT INTO `pacienteresultado` (`IdResultado`, `IdQuestionarioDiagPresc`) VALUES
(14, 1),
(14, 10),
(16, 7),
(16, 10),
(21, 3),
(22, 7),
(23, 3),
(30, 1),
(30, 3),
(30, 7),
(30, 10),
(31, 1),
(31, 3),
(40, 10),
(43, 11),
(49, 5),
(54, 5),
(57, 5),
(58, 5),
(67, 7),
(67, 10),
(68, 7),
(87, 11);

-- --------------------------------------------------------

--
-- Estrutura para tabela `prescricao`
--

CREATE TABLE `prescricao` (
  `IdPrescricao` int(11) NOT NULL,
  `Descricao` varchar(300) NOT NULL
) ENGINE=InnoDB DEFAULT CHARSET=latin1;

--
-- Despejando dados para a tabela `prescricao`
--

INSERT INTO `prescricao` (`IdPrescricao`, `Descricao`) VALUES
(11, 'Monitorar a capacidade do paciente para realizar as atividades de autocuidado.'),
(12, 'Auxiliar e/ou realizar  cuidados de higiene corporal S/N (higiene oral, banho, higiene íntima).    '),
(13, 'Auxiliar e/ou realizar  durante  alimentação oral. '),
(14, 'Auxiliar e/ou realizar  durante locomoção.         '),
(15, 'Orientar sobre a importância do regime terapêutico para restabelecimento da saúde.      '),
(16, 'Incentivar adesão ao tratamento prescrito (dieta, medicação, terapia ocupacional, fisioterapia, etc.).  '),
(17, 'Capacitar o cliente e acompanhante quanto a necessidade de reabilitação (cuidados com ostomias, curativos, nutrição enteral, próteses, etc.). '),
(18, 'Encorajar  adaptação de acordo com suas necessidades físicas e emocionais.    '),
(19, 'Avaliar a adaptação do paciente a mudanças na imagem corporal, se indicado.'),
(20, 'Avaliar a compreensão que o paciente tem do processo de doença.'),
(21, 'Oferecer informações reais a respeito do diagnóstico, tratamento e prognóstico.'),
(22, 'Promover situações que encorajem a autonomia do paciente.'),
(23, 'Encorajar o envolvimento da família, conforme apropriado.  '),
(24, 'Incentivar adesão ao tratamento prescrito (dieta, medicação, terapia ocupacional, fisioterapia, etc.).   '),
(25, 'Capacitar o cliente e acompanhante quanto a necessidade de reabilitação (cuidados com ostomias, curativos, nutrição enteral, próteses, etc.).       '),
(26, 'Encorajar  adaptação de acordo com suas necessidades físicas e emocionais. '),
(27, 'Oferecer informações reais a respeito do diagnóstico, tratamento e prognóstico.'),
(28, 'Encorajar o envolvimento da família, conforme apropriado.'),
(29, 'Incentivar adesão do acompanhante ao tratamento prescrito (dieta, medicação, terapia ocupacional, fisioterapia, etc.).  '),
(30, 'Capacitar o  acompanhante quanto a realização de cuidados (ostomias, curativos, nutrição enteral, próteses, etc.). '),
(31, 'Encorajar  adaptação de acordo com suas necessidades físicas e emocionais.'),
(32, 'Manter lesões/ feridas com oclusão de acordo com recomendação do curativo necessário, quando indicado.   '),
(33, 'Realizar curativo com _________________________________.       '),
(35, 'Monitorar exames laboratoriais e comunicar/ anotar quando alterações.  '),
(36, 'Atentar-se para esquema vacinal. Comunicar ao NUVE S/N. '),
(37, 'Manter grades da cama elevadas.     '),
(38, 'Supervisionar deambulação.      '),
(39, 'Atentar-se para nível de consciência.  Anotar e comunicar, quando alteração sensorial. '),
(40, 'Oferecer informações reais a respeito do diagnóstico, tratamento e prognóstico.'),
(41, 'Encorajar o envolvimento da família, conforme apropriado.'),
(42, 'Avaliar a compreensão que o paciente tem do processo de doença.'),
(43, 'Oferecer informações reais a respeito do diagnóstico, tratamento e prognóstico.'),
(44, 'Orientar e capacitar o acompanhante/ cuidador quanto a necessidade de cuidados especiais.'),
(45, 'Avaliar a adaptação do paciente a mudanças e limitações da idade.'),
(46, 'Avaliar a compreensão que o paciente tem do processo de limitação e/ou incapacidade.'),
(47, 'Oferecer informações reais a respeito da limitação e/ou incapacidade.'),
(48, 'Promover situações que encorajem a autonomia do paciente.'),
(49, 'Encorajar o envolvimento da família, conforme apropriado.     '),
(50, 'Incentivar adesão as necessidades indicadas de acordo com sua limitação (dieta, medicação, terapia ocupacional, fisioterapia, etc.).     '),
(51, 'Encorajar  mudanças de hábito de acordo com suas necessidades físicas e emocionais.        '),
(52, 'Incentivar e promover  hábitos de vida saudável.  '),
(61, 'Monitorar e corrigir a ocorrência de déficits de oxigênio, desequilíbrios ácido-básicos e desequilíbrios eletrolíticos capazes de precipitar arritmias.       '),
(62, 'Garantir o monitoramento constante do ECG.           '),
(63, '  Monitorar mudanças no ECG que aumentem o risco de surgimento de arritmias, anotar e comunicar se alterações no ECG.                                                                                                                                                                                       '),
(64, 'Anotar e comunicar  as atividades associadas à ocorrência de arritmias.'),
(65, 'Anotar e comunicar a frequência e a duração da arritmia.'),
(66, 'Determinar se o paciente tem dor no peito ou síncope associada à arritmia.'),
(67, 'Administrar medicação conforme prescrito.  '),
(68, 'Monitorar a presença e a qualidade dos pulsos.'),
(69, 'Monitorar a temperatura, conforme apropriado.'),
(70, 'Anotar temperatura ____________.'),
(71, 'Instituir um dispositivo de monitoramento contínuo da temperatura central, conforme apropriado.'),
(72, 'Informar sinais e sintomas de hipotermia , e monitorá-los.'),
(73, 'Instituir NP se necessário, CPM.    '),
(74, 'Encorajar o aumento da ingestão calórica.'),
(75, '  Monitorar os níveis de albumina sérica, linfócitos e eletrólitos.'),
(76, 'Oferecer alimentos adequados ao paciente: dieta geral, pastosa, mista ou fórmula pronta, via sonda nasogástrica ou gastrostomia, ou nutrição parenteral total, conforme prescrição médica.'),
(77, ' Atentar aos riscos associados ao fato de estar abaixo do peso.      '),
(78, 'Monitorar a albumina sérica, a proteína total, eletrólitos e níveis de glicose e perfil bioquímico.  '),
(79, 'Passagem de sonda naso/orogástica ou enteral conforme prescrição médica'),
(80, 'Suspender/ interromper dieta apenas com prescrição nutricional e/ou médica.'),
(81, 'Obter o histórico de saúde, conforme apropriado, inclusive a descrição dos hábitos de saúde, dos fatores de risco e dos medicamentos.   '),
(82, 'Incentivar adesão ao tratamento prescrito (dieta, medicação, terapia ocupacional, fisioterapia, etc.).       '),
(83, 'Capacitar o cliente e acompanhante quanto a necessidade de reabilitação (cuidados com ostomias, curativos, nutrição enteral, próteses, etc.).  '),
(84, 'Encorajar  adaptação de acordo com suas necessidades físicas e emocionais.'),
(85, 'Oferecer informações reais a respeito do diagnóstico, tratamento e prognóstico.'),
(86, 'Encorajar o envolvimento da família, conforme apropriado.'),
(87, 'Incentivar adesão do acompanhante ao tratamento prescrito (dieta, medicação, terapia ocupacional, fisioterapia, etc.). '),
(88, 'Capacitar o  acompanhante quanto a realização de cuidados (ostomias, curativos, nutrição enteral, próteses, etc.).'),
(89, 'Encorajar  adaptação de acordo com suas necessidades físicas e emocionais.   '),
(90, 'Avaliar a adaptação do paciente a mudanças e limitações da idade.'),
(91, 'Avaliar a compreensão que o paciente tem do processo de limitação e/ou incapacidade.'),
(92, 'Oferecer informações reais a respeito da limitação e/ou incapacidade.'),
(93, 'Promover situações que encorajem a autonomia do paciente.'),
(94, 'Encorajar o envolvimento da família, conforme apropriado.  '),
(95, 'Incentivar adesão as necessidades indicadas de acordo com sua limitação (dieta, medicação, terapia ocupacional, fisioterapia, etc.).   '),
(96, 'Encorajar  mudanças de hábito de acordo com suas necessidades físicas e emocionais. '),
(97, 'Incentivar e promover  hábitos de vida saudável.   '),
(98, 'Monitorar a capacidade de deglutir e falar.  '),
(99, 'Manter cabeceira elevada durante as refeições.    '),
(100, 'Comunicar e anotar se observar dificuldade ao deglutir.  '),
(101, 'Realizar avaliação nutricional, conforme apropriado.       '),
(102, 'Realizar avaliação fonoaudiológica, conforme apropriado.  '),
(103, 'Determinar a necessidade de alimentação via sonda enteral.'),
(104, 'Administrar a alimentação enteral, conforme apropriado.     '),
(105, 'Passagem de sonda naso/orogástica ou enteral conforme prescrição médica.'),
(106, 'Confirmar o posicionamento da sonda com radiografia, conforme o protocolo da instituição.'),
(107, 'Monitorar a quantidade, a cor e a consistência da eliminação/ estase gástrica.  '),
(108, 'Anotar estase gástrica em balanço hídrico.'),
(109, 'Realizar fixação da sonda evitando lesões na pele.'),
(110, 'Retirar a sonda quando indicado.       '),
(111, 'Atentar para nível de consciência.'),
(112, 'Avaliar o nível atual de conhecimentos do paciente sobre a dieta prescrita.    '),
(113, 'Orientar o paciente sobre alimentos permitidos e proibidos.     '),
(114, 'Ajudar o paciente a incluir as preferências alimentares na dieta.   '),
(115, 'Monitorar os níveis de albumina sérica, linfócitos e eletrólitos.'),
(116, 'Encorajar a reeducação alimentar e redução da ingesta calórica.'),
(117, 'Atentar e monitorar a ingesta adequada da alimentação prescrita. '),
(118, 'Atentar e monitorar para sinais de distúrbios alimentares (Bulimia).'),
(119, 'Oferecer alimentos adequados ao paciente: dieta geral, pastosa, mista ou fórmula pronta, via sonda nasogástrica ou gastrostomia, ou nutrição parenteral total, conforme prescrição médica.'),
(120, 'Reconhecer que a perda do peso pode ser parte da evolução natural da doença.'),
(121, 'Instituir NP se necessário, CPM.  '),
(122, 'Monitorar os níveis de albumina sérica, linfócitos e eletrólitos.'),
(123, 'Encorajar o aumento da ingestão calórica.'),
(124, 'Oferecer alimentos adequados ao paciente: dieta geral, pastosa, mista ou fórmula pronta, via sonda nasogástrica ou gastrostomia, ou nutrição parenteral total, conforme prescrição médica.'),
(125, 'Reconhecer que a perda do peso pode ser parte da evolução natural da doença.  '),
(126, 'Atentar aos riscos associados ao fato de estar abaixo do peso. '),
(127, 'Verificar a solução NP para garantir a inclusão dos nutrientes corretos, conforme a prescrição.'),
(128, 'Usar uma bomba de infusão para oferecimento das infusões NP, manter a mesma bloqueada.'),
(129, 'Manter uma taxa de fluxo constante da solução NP.'),
(130, 'Evitar, por meio de substituição rápida, atraso na solução NP.'),
(131, 'Monitorar o peso diariamente.'),
(132, 'Pesar o paciente a intervalos adequados e anotar em prontuário.'),
(133, 'Monitorar a ingestão e a eliminação e anotar em prontuário.'),
(134, 'Monitorar a albumina sérica, a proteína total, eletrólitos e níveis de glicose e perfil bioquímico. '),
(135, 'Determinar as preferências alimentares do paciente.'),
(136, 'Determinar, junto ao nutricionista conforme apropriado, a quantidade de calorias e o tipo de nutrientes necessários para atender às exigências nutricionais do paciente.'),
(137, 'Encorajar a ingestão calórica adequada, conforme prescrição.'),
(138, 'Encorajar o paciente a usar dentaduras adequadamente ajustadas e/ou providenciar cuidados dentários.   '),
(139, 'Facilitar a identificação dos comportamentos alimentares a serem modificados. '),
(140, 'Monitorar a ocorrência de ressecamento da pele, com descamações e despigmentação.  '),
(141, 'Passagem de sonda naso/orogástica ou enteral conforme prescrição médica.'),
(142, 'Confirmar a colocação com radiografia, conforme o protocolo da instituição.'),
(143, 'Monitorar a quantidade, a cor e a consistência da estase gástrica.    '),
(144, 'Avaliar o nível atual de conhecimentos do paciente sobre a dieta prescrita.'),
(145, 'Orientar o paciente sobre alimentos permitidos e proibidos.'),
(146, 'Informar o paciente sobre possíveis interações de fármacos/alimentos, conforme apropriado.'),
(147, 'Ajudar o paciente a incluir as preferências alimentares na dieta.'),
(148, 'Monitorar a capacidade de deglutir do paciente.'),
(149, 'Identificar a dieta prescrita.    '),
(150, 'Garantir a posição adequada do paciente para facilitar a mastigação e a deglutição.'),
(151, 'Oferecer assistência durante alimentação, se necessário.'),
(152, 'Oferecer alívio adequado à dor antes das refeições, conforme apropriado.  '),
(153, 'Monitorar o peso do paciente, conforme apropriado.'),
(154, 'Monitorar o estado de hidratação do paciente, conforme apropriado.'),
(157, 'Anotar e comunicar ingesta da alimentação prescrita.'),
(158, 'Atentar para alterações emocionais (medo, estresse, ansiedade, dor, etc.) que possam interferir na ingesta alimentar.'),
(160, 'Avaliar o nível atual de conhecimentos do paciente sobre a dieta prescrita.'),
(161, 'Orientar o paciente sobre alimentos permitidos e proibidos.'),
(162, 'Informar o paciente sobre possíveis interações de fármacos/alimentos, conforme apropriado.'),
(163, 'Ajudar o paciente a incluir as preferências alimentares na dieta.       '),
(164, 'Discutir os riscos associados ao fato de estar com excesso do peso.    '),
(165, 'Encorajar a diminuição da ingestão calórica.'),
(166, 'Oferecer alimentos adequados ao paciente: dieta geral, pastosa, mista ou fórmula pronta, via sonda nasogástrica ou gastrostomia, ou nutrição parenteral total, conforme prescrição médica.'),
(167, 'Atentar aos riscos associados ao fato de estar acima do peso.'),
(168, 'Pesar o paciente a intervalos adequados e anotar em prontuário.'),
(169, 'Pesar o paciente nos intervalos adequados e anotar em prontuário.'),
(170, 'Monitorar a ingestão e a eliminação e anotar em prontuário.'),
(171, 'Monitorar  níveis de glicose e triglicerídeos.  '),
(172, 'Determinar, junto ao nutricionista conforme apropriado, a quantidade de calorias e o tipo de nutrientes necessários para atender às exigências nutricionais do paciente.'),
(173, 'Encorajar a ingestão calórica adequada, conforme prescrição.   '),
(174, 'Encorajar o paciente a usar dentaduras adequadamente ajustadas e/ou providenciar cuidados dentários.      '),
(175, 'Facilitar a identificação dos comportamentos alimentares a serem modificados.       '),
(176, 'Monitorar ingestão e eliminação de líquidos, valores da hemoglobina, dados da pressão sanguínea, ou aumentos e perdas de peso, conforme apropriado e anotar em prontuário alterações observadas. '),
(177, 'Atentar para sinais de intolerância a dieta (distensão abdominal, diarreia e vômito). '),
(178, 'Anotar e comunicar sinais de intolerância a dieta. '),
(179, 'Suspender/ interromper dieta apenas com prescrição nutricional e/ou médica.'),
(180, 'Promover uma dieta saudável.    '),
(182, 'Avaliar o nível atual de conhecimentos do paciente sobre a dieta prescrita.'),
(183, 'Orientar o paciente sobre alimentos permitidos e proibidos.'),
(184, 'Informar o paciente sobre possíveis interações de fármacos/alimentos, conforme apropriado.'),
(185, 'Ajudar o paciente a incluir as preferências alimentares na dieta.      '),
(186, 'Discutir os riscos associados ao fato de estar com excesso do peso.'),
(187, 'Encorajar a diminuição da ingestão calórica.'),
(188, 'Oferecer alimentos adequados ao paciente: dieta geral, pastosa, mista ou fórmula pronta, via sonda nasogástrica ou gastrostomia, ou nutrição parenteral total, conforme prescrição médica.'),
(189, 'Atentar aos riscos associados ao fato de estar acima do peso.  '),
(190, 'Verificar a solução NP para garantir a inclusão dos nutrientes corretos, conforme a prescrição.   '),
(191, 'Usar uma bomba de infusão para oferecimento das infusões NP, manter a mesma bloqueada.'),
(192, 'Manter uma taxa de fluxo constante da solução NP.'),
(193, 'Evitar, por meio de substituição rápida, atraso na solução NP.'),
(194, 'Monitorar o peso diariamente e/ou quando apropriado'),
(195, 'Pesar o paciente nos intervalos adequados e anotar em prontuário.'),
(196, 'Monitorar a ingestão e a eliminação e anotar em prontuário.'),
(198, 'Monitorar níveis de glicose e triglicerídeos.       '),
(199, 'Determinar, junto ao nutricionista conforme apropriado, a quantidade de calorias e o tipo de nutrientes necessários para atender às exigências nutricionais do paciente.'),
(200, 'Encorajar a ingestão calórica adequada, conforme prescrição. '),
(201, 'Encorajar o paciente a usar dentaduras adequadamente ajustadas e/ou providenciar cuidados dentários.'),
(202, 'Facilitar a identificação dos comportamentos alimentares a serem modificados.     '),
(203, 'Monitorar ingestão e eliminação de líquidos, valores da hemoglobina, dados da pressão sanguínea, ou aumentos e perdas de peso, conforme apropriado e anotar em prontuário alterações observadas. '),
(204, ' Atentar para sinais de intolerância a dieta (distensão abdominal, diarreia e vômito).'),
(205, 'Anotar e comunicar sinais de intolerância a dieta.  '),
(206, 'Suspender/ interromper dieta apenas com prescrição nutricional e/ou médica.'),
(207, 'Promover uma dieta saudável.     '),
(208, 'Avaliar o nível atual de conhecimentos do paciente sobre a dieta prescrita.'),
(209, 'Orientar o paciente sobre alimentos permitidos e proibidos.'),
(210, 'Informar o paciente sobre possíveis interações de fármacos/alimentos, conforme apropriado.'),
(211, 'Ajudar o paciente a incluir as preferências alimentares na dieta.'),
(212, 'Encorajar a reeducação alimentar. '),
(213, 'Oferecer alimentos adequados ao paciente: dieta geral, pastosa, mista ou fórmula pronta, via sonda nasogástrica ou gastrostomia, ou nutrição parenteral total, conforme prescrição médica.'),
(214, 'Atentar aos riscos associados ao ganho de peso.  '),
(215, 'Verificar a solução NP para garantir a inclusão dos nutrientes corretos, conforme a prescrição. '),
(216, 'Usar uma bomba de infusão para oferecimento das infusões NP, manter a mesma bloqueada.'),
(217, 'Manter uma taxa de fluxo constante da solução NP.'),
(218, 'Evitar, por meio de substituição rápida, atraso na solução NP.'),
(219, 'Monitorar o peso diariamente e/ou quando apropriado.  '),
(220, 'Pesar o paciente a intervalos adequados e anotar em prontuário.'),
(221, 'Monitorar a ingestão e a eliminação e anotar em prontuário.'),
(222, 'Monitorar  níveis de glicose e triglicerídeos.'),
(223, 'Determinar, junto ao nutricionista conforme apropriado, a quantidade de calorias e o tipo de nutrientes necessários para atender às exigências nutricionais do paciente.'),
(224, 'Encorajar a ingestão calórica adequada, conforme prescrição.  '),
(225, 'Encorajar o paciente a usar dentaduras adequadamente ajustadas e/ou providenciar cuidados dentários.'),
(226, 'Facilitar a identificação dos comportamentos alimentares a serem modificados.  '),
(227, 'Monitorar ingestão e eliminação de líquidos, valores da hemoglobina, dados da pressão sanguínea, ou aumentos e perdas de peso, conforme apropriado e anotar em prontuário alterações observadas.   '),
(228, ' Atentar para sinais de intolerância a dieta (distensão abdominal, diarreia e vômito).    '),
(229, 'Pesar o paciente nos intervalos adequados e anotar em prontuário.'),
(230, 'Anotar e comunicar sinais de intolerância a dieta.               '),
(231, 'Suspender/ interromper dieta apenas com prescrição nutricional e/ou médica.'),
(232, 'Promover uma dieta saudável.        '),
(233, 'Atentar para o uso de medicações que possam causar efeitos nocivos a função hepática. '),
(234, 'Monitorar exames laboratoriais (albumina, fosfatase alcalina, bilirrubina total, gama/ GT, TGO, TGP).    '),
(235, 'Atentar para sinais e sintomas (urina concentrada, ascite, astenia, icterícia e transtorno de coagulação).      '),
(236, 'Obter o histórico de saúde, inclusive a descrição dos hábitos de saúde, dos fatores de risco (uso de álcool e drogas).   '),
(237, 'Monitorar aspecto da pele (icterícia). '),
(238, 'Monitorar os níveis de glicose sanguínea conforme indicação.'),
(239, 'Monitorar o aparecimento de sinais e sintomas de hiperglicemia: poliúria, polidipsia, polifagia, fraqueza, letargia, mal estar, embaçamento visual ou cefaleia. '),
(240, 'Monitorar o aparecimento de sinais e sintomas de hipoglicemia. '),
(241, 'Realizar glicemia capilar conforme prescrição médica.'),
(242, 'Monitorar cetonas urinárias conforme indicação.   '),
(243, 'Atentar para ingesta adequada de alimentos.  '),
(244, 'Atentar para alteração do nível de consciência (confusão mental e rebaixamento do nível de consciência).               '),
(245, 'Obter o histórico de saúde, conforme apropriado, inclusive a descrição dos hábitos de saúde, dos fatores de risco e dos medicamentos.    '),
(246, 'Monitorar exames laboratoriais.   '),
(247, 'Monitorar os níveis de glicose sanguínea conforme indicação.'),
(248, 'Atentar para ingesta adequada de alimentos.     '),
(249, 'Atentar para ingesta adequada de líquidos. '),
(250, 'Atentar para presença de edemas em MMII´s.'),
(251, 'Monitorar e anotar volume urinário.   '),
(252, 'Comunicar e anotar se alteração do padrão respiratório.    '),
(253, 'Monitorar a ocorrência de manifestações neurológicas ou musculoesqueléticas de hiponatremia.   '),
(254, 'Monitorar a ocorrência de manifestações cardiovasculares de hiponatremia.    '),
(255, 'Monitorar a ocorrência de manifestações de desequilíbrio eletrolítico.'),
(256, 'Administrar eletrólitos suplementares (p. ex., via oral, nasogástrica e intravenosa), conforme prescrito e, se apropriado.      '),
(257, 'Monitorar a ocorrência de perda de líquidos.    '),
(258, 'Monitorar e anotar balanço hídrico.  '),
(259, 'Monitorar manifestações cardíacas de hipercalemia. '),
(260, 'Monitorar ocorrência de desequilíbrios ácido-básico associados.'),
(261, 'Identificar as possíveis causas de desequilíbrios eletrolíticos.'),
(262, 'Reconhecer e informar a presença de desequilíbrios eletrolíticos.'),
(263, 'Monitorar a ocorrência de perda hídrica e perda associada de eletrólitos, conforme apropriado. '),
(264, 'Atentar para tratamentos que possam alterar o estado eletrolítico, como sucção gastrointestinal, diuréticos, anti-hipertensivos e bloqueadores do canal de cálcio. '),
(265, 'Atentar para perdas insensiveis (sudorese, sialorreia, vômitos, diarreia, febre, feridas exsudativas, etc.).     '),
(266, 'Atentar para sinais de desidratação.  '),
(267, 'Monitorar resultado de exames laboratoriais (Na, K, Ca, Mg). '),
(268, 'Monitorar o aparecimento de indicadores de desidratação. '),
(269, 'Monitorar a ocorrência de perda hídrica insensível.'),
(270, 'Monitorar a ocorrência de manifestações de desequilíbrio eletrolítico.   '),
(271, 'Administrar eletrólitos suplementares (p. ex., via oral, nasogástrica e intravenosa), conforme prescrito e, se apropriado.'),
(272, 'Monitorar a ocorrência de perda de líquidos (vômito/estase, diarreia, hemorragia, drenos).       '),
(273, 'Comunicar ao médico quando sinais e sintomas de desequilíbrio hídrico e/ou eletrolítico persistirem ou piorarem. '),
(274, 'Monitorar a função renal (p. ex., níveis de ureia e creatinina).'),
(275, 'Monitorar a condição hídrica (p. ex., ingestão e eliminação, peso, sons respiratórios adventícios, falta de fôlego), conforme apropriado. '),
(276, 'Realizar exames laboratoriais dos níveis de eletrólitos quando apropriado.    '),
(277, 'Verificar e anotar PVC quando apropriado. '),
(278, 'Realizar balanço hídrico quando apropriado.    '),
(279, 'Avaliar e anotar turgor e hidratação da pele/mucosas.      '),
(280, 'Monitorar e atentar para PAM e FC, comunicar se alteração. '),
(281, 'Monitorar a ocorrência de perda hídrica insensível.      '),
(282, 'Manter o registro dos volumes infundidos e drenados e do balanço de líquidos parcial/total.  '),
(283, 'Monitorar aparecimento de sinais e sintomas de desequilíbrio hídrico e eletrolítico.'),
(284, 'Monitorar o aparecimento de indicadores de desidratação.      '),
(285, 'Monitorar a ocorrência de perda hídrica insensível.  '),
(286, 'Monitorar a ocorrência de manifestações de desequilíbrio eletrolítico.'),
(287, 'Monitorar a ocorrência de perda de líquidos (vômito/estase, diarréia, hemorragia, drenos).  '),
(288, 'Comunicar ao médico quando sinais e sintomas de desequilíbrio hídrico e/ou eletrolítico persistirem ou piorarem.  '),
(289, 'Monitorar a função renal (p. ex., níveis de ureia e creatinina). '),
(290, 'Monitorar a condição hídrica (p. ex., ingestão e eliminação, peso, sons respiratórios adventícios, falta de fôlego), conforme apropriado.'),
(291, 'Realizar exames laboratoriais dos níveis de eletrólitos quando apropriado.  '),
(292, 'Verificar e anotar PVC quando apropriado.     '),
(293, 'Realizar balanço hídrico quando apropriado. '),
(294, 'Avaliar e anotar turgor e hidratação da pele/mucosas.       '),
(295, 'Monitorar e atentar para PAM e FC, comunicar se alteração. '),
(296, 'Monitorar a ocorrência de efeitos colaterais resultantes de correções rápidas ou excessivas da hipernatremia.    '),
(297, 'Preparar o paciente para diálise, conforme apropriado.'),
(298, 'Monitorar a reação hemodinâmica do paciente à diálise, conforme apropriado.    '),
(299, 'Monitorar a adequação da ventilação. '),
(300, 'Atentar para sinais e sintomas de EAP.  '),
(301, 'Monitorar aparecimento de sinais e sintomas de desconforto respiratório. '),
(302, 'Monitorar a ocorrência de perda hídrica insensível. '),
(303, 'Manter o registro dos volumes infundidos e drenados e do balanço de líquidos parcial/total.    '),
(304, 'Monitorar aparecimento de sinais e sintomas de desequilíbrio hídrico e eletrolítico.'),
(305, 'Monitorar a ocorrência de manifestações de desequilíbrio eletrolítico.   '),
(306, 'Monitorar a função renal (p. ex., níveis de ureia e creatinina).     '),
(307, 'Monitorar a condição hídrica (p. ex., ingestão e eliminação, peso, sons respiratórios adventícios, falta de fôlego), conforme apropriado.     '),
(308, 'Realizar exames laboratoriais dos níveis de eletrólitos, quando apropriado.       '),
(309, 'Verificar e anotar PVC, quando apropriado. '),
(310, 'Realizar balanço hídrico, quando apropriado. '),
(311, 'Avaliar e anotar sinais de edema. '),
(312, 'Monitorar e atentar para PAM e FC, comunicar se alteração.     '),
(313, 'Restringir líquido conforme prescrito e, se apropriado.'),
(314, 'Monitorar a ocorrência de sobrecarga hídrica resultante de terapia de hidratação. '),
(315, 'Monitorar a ocorrência de efeitos colaterais resultantes de correções rápidas ou excessivas da hipernatremia.     '),
(316, 'Monitorar a adequação da ventilação. '),
(317, 'Monitorar aparecimento de sinais e sintomas de desconforto respiratório.  '),
(318, 'Monitorar a ocorrência de perda hídrica insensível e sangramentos.   '),
(319, 'Manter o registro dos volumes infundidos e drenados e do balanço de líquidos parcial/total. '),
(320, 'Monitorar aparecimento de sinais e sintomas de desequilíbrio hídrico e eletrolítico.'),
(321, 'Monitorar a ocorrência de manifestações de desequilíbrio eletrolítico.  '),
(322, 'Administrar eletrólitos suplementares (p. ex., via oral, nasogástrica e intravenosa), conforme prescrito e, se apropriado.   '),
(323, 'Oferecer uma dieta adequada ao desequilíbrio eletrolítico do paciente (p. ex., alimentos ricos em potássio, pobres em sódio e pobres em carboidratos).   '),
(324, 'Comunicar ao médico quando sinais e sintomas de desequilíbrio hídrico e/ou eletrolítico persistirem ou piorarem.       '),
(325, 'Monitorar a função renal (p. ex., níveis de ureia e creatinina). '),
(326, 'Monitorar a condição hídrica (p. ex., ingestão e eliminação, peso, sons respiratórios adventícios, falta de fôlego), conforme apropriado.            '),
(327, 'Realizar exames laboratoriais dos níveis de eletrólitos quando apropriado'),
(328, 'Verificar e anotar PVC quando apropriado. '),
(329, 'Realizar balanço hídrico quando apropriado. '),
(330, 'Avaliar e anotar sinais de edema.'),
(331, 'Monitorar e atentar para PAM e FC, comunicar se alteração.    '),
(332, 'Restringir líquido  conforme prescrito e, se apropriado.  '),
(334, 'Providenciar AVP calibroso, quando necessário.'),
(335, 'Monitorar a função renal (p. ex., níveis de ureia e creatinina).    '),
(336, 'Administrar os diuréticos prescritos, conforme apropriado.         '),
(337, 'Realizar cateterismo urinário intermitente, se apropriado.   '),
(338, 'Preparar o paciente para diálise (p. ex., auxiliar na colocação do cateter para diálise), conforme apropriado.'),
(339, 'Monitorar a reação hemodinâmica do paciente à diálise, conforme apropriado.  '),
(340, 'Monitorar a eliminação urinária, inclusive frequência, consistência, odor, volume e cor, conforme apropriado.'),
(341, 'Monitorar o surgimento de sinais e sintomas de retenção urinária.'),
(342, 'Identificar os fatores que contribuem para episódios de incontinência.'),
(343, 'Inserir sonda vesical de demora, conforme apropriado.  '),
(344, 'Proporcionar privacidade durante a eliminação.   '),
(345, 'Monitorar e anotar a eliminação urinária, incluindo frequência, consistência, odor, volume e cor.'),
(346, 'Determinar a capacidade para reconhecer a urgência miccional.'),
(347, 'Orientar o paciente a contrair e, depois, relaxar o anel muscular em torno da uretra e do ânus, como se tentasse evitar o movimento urinário ou intestinal. '),
(348, 'Identificar os fatores que contribuem para episódios de incontinência.'),
(349, 'Supervisionar o acesso ao banheiro, quando possível.             '),
(350, 'Monitorar a eliminação urinária, incluindo frequência, consistência, odor, volume e cor.   '),
(351, 'Determinar a capacidade para reconhecer a urgência miccional.'),
(352, 'Orientar o paciente a contrair e, depois, relaxar o anel muscular em torno da uretra e do ânus, como se tentasse evitar o movimento urinário ou intestinal.   '),
(353, 'Identificar os fatores que contribuem para episódios de incontinência.'),
(354, 'Monitorar a eliminação urinária, incluindo frequência, consistência, odor, volume e cor.             '),
(355, 'Determinar a capacidade de reconhecer a urgência para urinar.'),
(356, 'Encorajar o paciente a manter uma eliminação urinária diária.'),
(357, 'Estabelecer um intervalo para uso do vaso sanitário, com base no padrão de eliminação.'),
(358, 'Levar o paciente ao vaso sanitário e lembrá-lo de urinar nos intervalos prescritos.'),
(359, 'Manter o intervalo de uso do vaso sanitário quando três ou menos episódios de incontinência ocorrerem em 24 horas.'),
(360, 'Ensinar o paciente a conter a urina conscientemente até chegar o momento combinado de uso do vaso sanitário.'),
(361, 'Atentar para sinais de desconforto, como expressão facial, ou queixa verbal.  '),
(362, 'Monitorar permeabilidade do cateter vesical de demora.        '),
(363, 'Lavar cateter vesical de demora se identificar sinais de transbordamento, ou possibilidade de obstrução do cateter.         '),
(364, 'Realizar troca do cateter vesical, quando não conseguir desobstrução do mesmo.  '),
(365, 'Atentar para distensão vesical e desconforto à palpação.              '),
(366, 'Realizar cateterismo vesical de alívio ou demora quando identificar transbordamento, se apropriado.'),
(367, 'Inserir cateter urinário intermitente se apropriado.   '),
(368, 'Monitorar a eliminação urinária, inclusive frequência, consistência, odor, volume e cor, conforme apropriado.'),
(369, 'Monitorar o surgimento de sinais e sintomas de retenção urinária.'),
(370, 'Identificar os fatores que contribuem para episódios de incontinência.'),
(371, 'Inserir sonda vesical demora, conforme apropriado.'),
(372, 'Monitorar o grau de distensão vesical por palpação e percussão.        '),
(373, 'Atentar para sinais de infecção do trato urinário.     '),
(374, 'Atentar para o nível de consciência e/ou alteração neurológica que predisponha a retenção urinária.'),
(375, 'Determinar a presença de sons intestinais.    '),
(376, 'Monitorar o aparecimento de sinais e sintomas de constipação.'),
(377, 'Monitorar o aparecimento de sinais e sintomas de impactação.'),
(378, 'Comunicar o médico sobre redução/aumento da frequência de ruídos hidroaéreos.'),
(379, 'Monitorar ocorrência de sinais e sintomas de ruptura intestinal e/ou peritonite.'),
(380, 'Explicar a etiologia do problema e a justificativa para as ações do paciente. '),
(381, 'Identificar os fatores (p. ex., medicamentos, repouso no leito e dieta) que possam causar ou contribuir para a constipação.     '),
(382, 'Encorajar o aumento da ingestão de líquidos, a menos que contraindicado.'),
(383, 'Avaliar o perfil medicamentoso quanto a efeitos colaterais gastrointestinais.'),
(384, 'Orientar o paciente/família para registrar cor, volume, frequência e consistência das fezes.'),
(385, 'Orientar o paciente/família sobre dieta com elevado teor de fibras, conforme apropriado.    '),
(386, 'Assegurar que a dieta inclua alimentos ricos em fibras para evitar constipação.     '),
(387, 'Monitorar a ocorrência de perda hídrica e perda associada de eletrólitos, conforme apropriado.       '),
(388, 'Monitorar a função gastrointestinal, conforme apropriado.'),
(389, 'Monitorar os padrões de eliminação, conforme apropriado.   '),
(390, 'Administrar enema ou irrigação, conforme apropriado.       '),
(391, 'Evitar alimentos obstipantes.'),
(392, 'Determinar a presença de sons intestinais. '),
(393, 'Monitorar o aparecimento de sinais e sintomas de constipação.'),
(394, 'Monitorar o aparecimento de sinais e sintomas de impactação.'),
(395, 'Comunicar o médico sobre redução/aumento da frequência de ruídos hidroaéreos.'),
(396, 'Monitorar ocorrência de sinais e sintomas de ruptura intestinal e/ou peritonite.'),
(397, 'Explicar a etiologia do problema e a justificativa para as ações do paciente.   '),
(398, 'Identificar os fatores (p. ex., medicamentos, repouso no leito e dieta) que possam causar ou contribuir para a constipação.   '),
(399, 'Encorajar o aumento da ingestão de líquidos, a menos que contraindicado.'),
(400, 'Avaliar o perfil medicamentoso quanto a efeitos colaterais gastrointestinais.'),
(401, 'Orientar o paciente/família para registrar cor, volume, frequência e consistência das fezes.'),
(402, 'Orientar o paciente/família sobre dieta com elevado teor de fibras, conforme apropriado.      '),
(403, 'Assegurar que a dieta inclua alimentos ricos em fibras para evitar constipação.       '),
(404, 'Monitorar a ocorrência de perda hídrica e perda associada de eletrólitos, conforme apropriado.   '),
(405, 'Monitorar a função gastrointestinal, conforme apropriado.'),
(406, 'Monitorar os padrões de eliminação, conforme apropriado.      '),
(407, 'Administrar enema ou irrigação, conforme apropriado.    '),
(408, 'Evitar alimentos obstipantes.'),
(409, 'Determinar a presença de sons intestinais.         '),
(410, 'Monitorar o aparecimento de sinais e sintomas de constipação.'),
(411, 'Monitorar o aparecimento de sinais e sintomas de impactação.'),
(412, 'Comunicar o médico sobre redução/aumento da frequência de ruídos hidroaéreos.'),
(413, 'Monitorar ocorrência de sinais e sintomas de ruptura intestinal e/ou peritonite.'),
(414, 'Explicar a etiologia do problema e a justificativa para as ações do paciente. '),
(415, 'Identificar os fatores (p. ex., medicamentos, repouso no leito e dieta) que possam causar ou contribuir para a constipação. '),
(416, 'Encorajar o aumento da ingestão de líquidos, a menos que contraindicado.'),
(417, 'Avaliar o perfil medicamentoso quanto a efeitos colaterais gastrointestinais.'),
(418, 'Orientar o paciente/família para registrar cor, volume, frequência e consistência das fezes.'),
(419, 'Orientar o paciente/família sobre dieta com elevado teor de fibras, conforme apropriado.       '),
(420, 'Assegurar que a dieta inclua alimentos ricos em fibras para evitar constipação.        '),
(421, 'Monitorar a ocorrência de perda hídrica e perda associada de eletrólitos, conforme apropriado.  '),
(422, 'Monitorar a função gastrointestinal, conforme apropriado.'),
(423, 'Monitorar os padrões de eliminação, conforme apropriado.   '),
(424, 'Administrar enema ou irrigação, conforme apropriado.  '),
(425, 'Evitar alimentos obstipantes.'),
(426, 'Determinar a presença de sons intestinais.   '),
(427, 'Monitorar o aparecimento de sinais e sintomas de constipação.'),
(428, 'Monitorar o aparecimento de sinais e sintomas de impactação.'),
(429, 'Comunicar o médico sobre redução/aumento da frequência de ruídos hidroaéreos.'),
(430, 'Monitorar ocorrência de sinais e sintomas de ruptura intestinal e/ou peritonite.'),
(431, 'Explicar a etiologia do problema e a justificativa para as ações do paciente.        '),
(432, 'Identificar os fatores (p. ex., medicamentos, repouso no leito e dieta) que possam causar ou contribuir para a constipação.'),
(433, 'Encorajar o aumento da ingestão de líquidos, a menos que contraindicado.'),
(434, 'Avaliar o perfil medicamentoso quanto a efeitos colaterais gastrointestinais.'),
(435, 'Orientar o paciente/família para registrar cor, volume, frequência e consistência das fezes.'),
(436, 'Orientar o paciente/família sobre dieta com elevado teor de fibras, conforme apropriado.        '),
(437, 'Assegurar que a dieta inclua alimentos ricos em fibras para evitar constipação. '),
(438, 'Monitorar a ocorrência de perda hídrica e perda associada de eletrólitos, conforme apropriado.   '),
(439, 'Monitorar a função gastrointestinal, conforme apropriado.'),
(440, 'Monitorar os padrões de eliminação, conforme apropriado.'),
(441, 'Administrar enema ou irrigação, conforme apropriado.  '),
(442, 'Evitar alimentos obstipantes.'),
(443, 'Determinar a presença de sons intestinais.   '),
(444, 'Monitorar o aparecimento de sinais e sintomas de constipação.'),
(445, 'Monitorar o aparecimento de sinais e sintomas de impactação.'),
(446, 'Comunicar o médico sobre redução/aumento da frequência de ruídos hidroaéreos.'),
(447, 'Monitorar ocorrência de sinais e sintomas de ruptura intestinal e/ou peritonite.'),
(448, 'Explicar a etiologia do problema e a justificativa para as ações do paciente.    '),
(449, 'Explicar a etiologia do problema e a justificativa para as ações do paciente.    '),
(450, 'Identificar os fatores (p. ex., medicamentos, repouso no leito e dieta) que possam causar ou contribuir para a constipação. '),
(451, 'Encorajar o aumento da ingestão de líquidos, a menos que contraindicado.'),
(452, 'Avaliar o perfil medicamentoso quanto a efeitos colaterais gastrointestinais.'),
(453, 'Orientar o paciente/família para registrar cor, volume, frequência e consistência das fezes.'),
(454, 'Orientar o paciente/família sobre dieta com elevado teor de fibras, conforme apropriado.    '),
(455, 'Assegurar que a dieta inclua alimentos ricos em fibras para evitar constipação. '),
(456, 'Monitorar a ocorrência de perda hídrica e perda associada de eletrólitos, conforme apropriado.  '),
(457, 'Monitorar a função gastrointestinal, conforme apropriado.'),
(458, 'Monitorar os padrões de eliminação, conforme apropriado. '),
(459, 'Administrar enema ou irrigação, conforme apropriado. '),
(460, 'Evitar alimentos obstipantes.'),
(461, 'Determinar o histórico da diarreia.'),
(462, 'Orientar o paciente para que notifique a enfermagem a cada episódio de diarreia.      '),
(463, 'Monitorar a tolerância à evolução da dieta.      '),
(464, 'Monitorar a função gastrointestinal, conforme apropriado.'),
(465, 'Monitorar os padrões de eliminação, conforme apropriado.  '),
(466, 'Monitorar os ruídos hidroaéreos.'),
(467, 'Comunicar o médico sobre redução/aumento da frequência de ruídos hidroaéreos.'),
(468, 'Monitorar ocorrência de sinais e sintomas de ruptura intestinal e/ou peritonite.'),
(469, 'Explicar a etiologia do problema e a justificativa para as ações do paciente. '),
(470, 'Identificar os fatores (p. ex., medicamentos, dieta) que possam causar ou contribuir para diarreia.    '),
(471, 'Encorajar o aumento da ingestão de líquidos, a menos que contraindicado.'),
(472, 'Avaliar o perfil medicamentoso quanto a efeitos colaterais gastrointestinais.'),
(473, 'Orientar o paciente/família para comunicar cor, volume, frequência e consistência das fezes.'),
(474, 'Orientar o paciente/família sobre a dieta apropriada.            '),
(475, 'Monitorar a ocorrência de perda hídrica e perda associada de eletrólitos, conforme apropriado.     '),
(476, 'Monitorar a função gastrointestinal, conforme apropriado.'),
(477, 'Monitorar os padrões de eliminação, conforme apropriado.      '),
(478, 'Evitar alimentos laxativos.    '),
(479, 'Introduzir alimentos obstipantes, se apropriado.     '),
(480, 'Realizar troca de fralda e higiene íntima sempre que necessário.    '),
(481, 'Manter pele seca e hidratada, evitar assaduras.'),
(482, 'Orientar o paciente a contrair e, depois, relaxar o anel muscular em torno da uretra e do ânus, como se tentasse evitar o movimento urinário ou intestinal.     '),
(483, 'Monitorar a função gastrointestinal, conforme apropriado.  '),
(484, 'Monitorar a tolerância à evolução da dieta. '),
(485, 'Monitorar os padrões de eliminação, conforme apropriado.    '),
(486, 'Monitorar os ruídos hidroaéreos.'),
(487, 'Comunicar o médico sobre redução/aumento da frequência de ruídos hidroaéreos.'),
(488, 'Explicar a etiologia do problema e a justificativa para as ações do paciente.  '),
(489, 'Identificar os fatores (p. ex., medicamentos, dieta) que possam causar ou contribuir para incontinência intestinal. '),
(490, 'Avaliar o perfil medicamentoso quanto a efeitos colaterais gastrointestinais.     '),
(491, 'Monitorar os padrões de eliminação, conforme apropriado.      '),
(492, 'Evitar alimentos laxativos.   '),
(493, 'Introduzir alimentos obstipantes, se apropriado.       '),
(494, 'Realizar troca de fralda e higiene íntima sempre que necessário.       '),
(495, 'Manter pele seca e hidratada, evitar assaduras.'),
(496, 'Monitorar a tolerância à evolução da dieta. '),
(497, 'Monitorar a função gastrointestinal, conforme apropriado.'),
(499, 'Monitorar os padrões de eliminação, conforme apropriado.'),
(500, 'Monitorar os ruídos hidroaéreos.'),
(501, 'Comunicar o médico sobre redução/aumento da frequência de ruídos hidroaéreos. '),
(502, 'Atentar para distensão abdominal.       '),
(503, 'Atentar para uso de medicações que possam causar alterações gastrintestinais.  '),
(504, 'Atentar para complicações no pós-operatório.'),
(505, 'Estimular deambulação, se não houver contra-indicação, quando apropriado.'),
(506, 'Monitorar a tolerância à evolução da dieta.  '),
(507, 'Monitorar a função gastrointestinal, conforme apropriado.'),
(508, 'Monitorar os padrões de eliminação, conforme apropriado.'),
(509, 'Monitorar os ruídos hidroaéreos.'),
(510, 'Comunicar o médico sobre redução/aumento da frequência de ruídos hidroaéreos.   '),
(511, 'Atentar para distensão abdominal.   '),
(512, 'Atentar para uso de medicações que possam causar alterações gastrintestinais.    '),
(513, 'Atentar para complicações no pós-operatório.'),
(514, 'Estimular deambulação, se não houver contra-indicação, quando apropriado.'),
(515, 'Encorajar a tosse e a respiração profunda.'),
(516, 'Aspirar as vias aéreas, se necessário.'),
(517, 'Monitorar a ocorrência de dificuldade respiratória.'),
(518, 'Observar o surgimento de sinais de obstrução das vias aéreas.'),
(519, 'Monitorar os sinais vitais.     '),
(520, 'Manter vias aéreas desobstruídas.'),
(521, 'Montar o equipamento de oxigênio e administrá-lo por meio de um sistema aquecido e umidificado.'),
(522, 'Administrar oxigênio suplementar, quando necessário conforme prescrição médica.'),
(523, 'Monitorar a eficácia da terapia com oxigênio (p. ex., oximetria de pulso, gasometria arterial), conforme apropriado.'),
(524, 'Observar sinais de hipoventilação induzida por oxigênio.'),
(525, 'Monitorar sinais de toxicidade do oxigênio e atelectasia por absorção.'),
(526, 'Monitorar a ansiedade do paciente em relação à necessidade de oxigenoterapia.'),
(527, 'Oferecer oxigênio durante transporte do paciente, conforme prescrição médica.'),
(528, 'Monitorar frequência, ritmo, profundidade e esforço nas respirações.'),
(529, 'Registrar movimentos torácicos observando a existência de simetria, uso de músculos acessórios e retrações de músculos supraclaviculares e intercostais.'),
(530, 'Monitorar a ocorrência de respirações ruidosas, como sibilos e roncos.'),
(531, 'Monitorar os padrões respiratórios: bradipneia, taquipneia, hiperventilação, respirações de Kussmaul, respirações de Cheyne-Stokes, padrão apnêustico, respiração de Blot e padrões atáxicos.'),
(532, 'Monitorar a ocorrência da fadiga de músculos diafragmáticos (movimento paradoxal).'),
(533, 'Auscultar os sons respiratórios, observando as áreas de ventilação diminuída/ausente e a presença de ruídos adventícios.  '),
(534, 'Monitorar a ocorrência de cianose central e periférica.'),
(535, 'Monitorar dados do ventilador mecânico, registrando aumentos nas pressões inspiratórias e reduções no volume corrente, conforme apropriado.'),
(536, 'Monitorar a ocorrência de aumento da inquietação, ansiedade e falta de ar.'),
(537, 'Registrar mudanças no SaO2, SvO2, CO2 e os valores da gasometria arterial, conforme apropriado.'),
(538, 'Monitorar a capacidade do paciente para tossir de forma eficaz.'),
(539, 'Monitorar secreções respiratórias do paciente.'),
(540, 'Monitorar a ocorrência de dispneia e eventos que a melhorem ou piorem.'),
(541, 'Manter cabeceira elevada.  '),
(542, 'Posicionar adequadamente o paciente.'),
(543, 'Administrar medicações conforme prescrição, quando apropriado.  '),
(544, 'Administrar analgesia conforme prescrição, quando apropriado.         '),
(545, 'Proporcionar um ambiente seguro reduzindo fatores estressantes.    '),
(546, 'Adaptar o ambiente (p. ex., iluminação, ruído, temperatura, colchão e cama) para promover o sono.'),
(547, 'Ajustar os horários de administração de medicamentos em apoio ao ciclo de sono/vigília do paciente.  '),
(548, 'Administrar medicações conforme prescrição, quando apropriado.      '),
(549, 'Administrar analgesia conforme prescrição, quando apropriado.  '),
(550, 'Proporcionar um ambiente seguro reduzindo fatores estressantes. '),
(551, 'Monitorar/registrar o padrão de sono e o número de horas de sono do paciente.'),
(552, 'Adaptar o ambiente (p. ex., iluminação, ruído, temperatura, colchão e cama) para promover o sono.'),
(553, 'Ajustar os horários de administração de medicamentos em apoio ao ciclo de sono/vigília do paciente.'),
(554, 'Fazer avaliação completa da circulação periférica (p. ex., verificar pulsos periféricos, edema, enchimento capilar, cor e temperatura da extremidade).       '),
(555, 'Supervisionar durante deambulação.'),
(556, 'Oferecer apoio para locomoção (muleta, cadeira de rodas e  andador).      '),
(557, 'Orientar sobre o risco de queda.   '),
(558, 'Usar instrumento conhecido de avaliação de riscos para monitorar os fatores de risco do paciente (p. ex., escala de Braden).'),
(559, 'Determinar o nível de mobilidade e as limitações dos movimentos.'),
(560, 'Determinar o nível de consciência e a capacidade de colaborar.'),
(561, 'Planejar o tipo e o método da movimento/locomoção.'),
(562, 'Ajudar o paciente a receber todos os cuidados necessários (p. ex., higiene pessoal, reunir os pertences) antes de fazer a transferência, conforme apropriado.'),
(563, 'Manter o corpo do paciente no alinhamento correto durante os movimentos.'),
(564, 'Manter cuidados para prevenção de lesão por pressão. '),
(565, 'Posicionar  a tração/ fixação com o alinhamento correto do corpo.'),
(566, 'Manter a posição da  tração/ fixação adequada na cama.'),
(567, 'Assegurar que  a tração/ fixação estejam aplicando os pesos corretamente.'),
(568, 'Assegurar que as cordas e as roldanas da tração estejam penduradas livremente.'),
(569, 'Assegurar que a tração das cordas e dos pesos permaneça ao longo do eixo do osso fraturado.'),
(570, 'Fixar os pesos da tração ao movimentar o paciente.'),
(571, 'Monitorar os locais de inserção dos pinos  da tração/ fixação.'),
(572, 'Monitorar a pele e as saliências ósseas observando sinais de ruptura da  tração/ fixação.'),
(573, 'Monitorar a circulação, os movimentos e a sensibilidade na extremidade afetada.'),
(574, 'Monitorar a ocorrência de complicações da imobilidade promovidas pela  tração/ fixação.'),
(575, 'Realizar os cuidados dos locais de inserção dos pinos.    '),
(576, 'Administrar analgesia conforme prescrito, se apropriado.'),
(577, 'Administrar cuidados adequados à pele em pontos de atrito.    '),
(579, 'Determinar a presença de sons intestinais.   '),
(580, 'Fazer avaliação completa da circulação periférica (p. ex., verificar pulsos periféricos, edema, enchimento capilar, cor e temperatura da extremidade).   '),
(581, 'Encorajar o paciente a envolver-se nas mudanças de posição, conforme apropriado.'),
(582, 'Minimizar o atrito e o cisalhamento ao posicionar e virar o paciente.'),
(583, 'Usar os recursos adequados para apoiar os membros (p. ex., rolo para mãos e trocanter).'),
(584, 'Monitorar a mobilidade e a atividade do paciente.'),
(585, 'Usar um instrumento conhecido de avaliação de riscos para monitorar os fatores de risco do paciente (p. ex., escala de Braden).'),
(586, 'Usar dispositivos adequados para manter calcanhares e saliências ósseas afastados da cama.      '),
(587, 'Determinar o nível de mobilidade e as limitações dos movimentos.'),
(588, 'Determinar o nível de consciência e a capacidade de colaborar.'),
(589, 'Planejar o tipo e o método da mudança.'),
(590, 'Discutir com o paciente e acompanhante a forma de realização da mudança.'),
(591, 'Ajudar o paciente a receber todos os cuidados necessários (p. ex., higiene pessoal, reunir os pertences).'),
(592, 'Manter o corpo do paciente no alinhamento correto durante os movimentos.'),
(593, 'Usar cadeira de rodas ou maca para movimentar paciente com limitação.      '),
(594, 'Manter pele hidratada e livre de umidade.    '),
(595, 'Mudança de decúbito quando apropriado.    '),
(596, 'Administrar analgesia conforme prescrito, se apropriado.'),
(597, 'Fazer avaliação completa da circulação periférica (p. ex., verificar pulsos periféricos, edema, enchimento capilar, cor e temperatura da extremidade).  '),
(598, 'Encorajar o paciente a envolver-se nas mudanças de posição, conforme apropriado.'),
(599, 'Usar os recursos adequados para apoiar os membros (p. ex., rolo para mãos e trocanter).'),
(600, 'Monitorar a mobilidade e a atividade do paciente.'),
(601, 'Usar um instrumento conhecido de avaliação de riscos para monitorar os fatores de risco do paciente (p. ex., escala de Braden).'),
(602, 'Determinar o nível de mobilidade e as limitações dos movimentos.'),
(603, 'Determinar o nível de consciência e a capacidade de colaborar.'),
(604, 'Planejar o tipo e o método da mudança.'),
(605, 'Discutir com o paciente e acompanhante a forma de realização da mudança.'),
(606, 'Ajudar o paciente a receber todos os cuidados necessários (p. ex., higiene pessoal, reunir os pertences).'),
(607, 'Usar cadeira de rodas ou maca para movimentar paciente com limitação.         '),
(608, 'Manter pele hidratada e livre de umidade.      '),
(609, 'Mudança de decúbito quando apropriado.   '),
(610, 'Administrar analgesia conforme prescrito, se apropriado.'),
(611, 'Manter posicionamento adequado.'),
(612, 'Encorajar a expressão de sentimentos sobre as limitações.'),
(613, 'Usar instrumentos válidos para medir a fadiga, se indicado.'),
(614, 'Determinar a percepção das causas da fadiga pelo paciente/pessoa significativa.'),
(615, 'Corrigir déficits na condição fisiológica (p. ex., anemia, alterações da tireoide) como itens prioritários.'),
(616, 'Selecionar as intervenções para reduzir a fadiga usando combinações de categorias farmacológicas e não farmacológicas, conforme apropriado.'),
(617, 'Determinar quais atividades e quanto são necessárias para desenvolver a resistência.'),
(618, 'Monitorar a ingestão nutricional para garantir recursos energéticos adequados.');
INSERT INTO `prescricao` (`IdPrescricao`, `Descricao`) VALUES
(619, 'Monitorar o paciente quanto a evidências de fadiga física e emocional excessiva.'),
(620, 'Monitorar a resposta cardiorrespiratória à atividade (p. ex., taquicardia, outras disritmias, dispneia, sudorese, palidez, pressões hemodinâmicas, frequência respiratória).'),
(621, 'Limitar estímulos ambientais (p. ex., iluminação e ruídos) para facilitar o relaxamento.'),
(622, 'Limitar o número de interrupções de visitantes, conforme apropriado.'),
(623, 'Promover repouso no leito/limite às atividades (p. ex., aumentar o número de períodos de descanso) com horários protegidos de repouso no leito, conforme a preferência.'),
(624, 'Monitorar a administração e o efeito de estimulantes e depressivos.'),
(625, 'Usar um método calmo e lento ao interagir com o paciente.'),
(626, 'Proporcionar repouso e sono adequados, inclusive um sono rápido durante o dia, quando necessário.'),
(627, 'Encorajar a família a participar dos cuidados com base nas capacidades, necessidades e desempenho.'),
(628, 'Monitorar ocorrência de mudanças na orientação, na função cognitiva e comportamental.           '),
(629, 'Verificar Sinais Vitais, ao manifestar exaustão/fadiga.            '),
(630, 'Associar a fadiga a sinais e sintomas da doença.'),
(631, 'Monitorar e corrigir a ocorrência de déficits de oxigênio, desequilíbrios ácido-básicos e desequilíbrios eletrolíticos capazes de precipitar arritmias.   '),
(632, 'Garantir o monitoramento constante do ECG.   '),
(633, 'Monitorar mudanças no ECG que aumentem o risco de surgimento de arritmias, anotar e comunicar se alterações no ECG.  '),
(634, 'Anotar e comunicar  as atividades associadas à ocorrência de arritmias.'),
(635, 'Monitorar a resposta hemodinâmica à arritmia.'),
(636, 'Administrar líquidos IV e agentes vasoconstritores prescritos, conforme indicação, para facilitar a perfusão tissular.'),
(637, 'Auxiliar na inserção de marca-passo transitório ou externo temporário, conforme apropriado.   '),
(638, 'Orientar o paciente e a família sobre as ações e os efeitos secundários dos medicamentos prescritos.     '),
(639, 'Monitorar a pressão venosa central, conforme prescrito.  '),
(640, 'Fazer uma avaliação completa da circulação periférica (p. ex., verificar pulsos periféricos, edema, enchimento capilar, cor e temperatura das extremidades).              '),
(641, 'Monitorar o ritmo e a frequência cardíaca.'),
(642, 'Observar e anotar as tendências e as oscilações na pressão sanguínea.'),
(643, 'Administrar aminas em via exclusiva.   '),
(644, 'Providenciar acesso venoso central, quando apropriado.'),
(645, 'Monitorar e corrigir a ocorrência de déficits de oxigênio, desequilíbrios ácido-básicos e desequilíbrios eletrolíticos capazes de precipitar arritmias.   '),
(646, 'Garantir o monitoramento constante do ECG. '),
(647, 'Monitorar mudanças no ECG que aumentem o risco de surgimento de arritmias, anotar e comunicar se alterações no ECG.      '),
(648, 'Anotar e comunicar  as atividades associadas à ocorrência de arritmias.'),
(649, 'Anotar e comunicar a frequência e a duração da arritmia.'),
(650, 'Monitorar a resposta hemodinâmica à arritmia.'),
(651, 'Determinar se o paciente tem dor no peito ou síncope associada à arritmia.'),
(652, 'Administrar medicação conforme prescrito.      '),
(653, 'Administrar líquidos IV e agentes vasoconstritores prescritos, conforme indicação, para facilitar a perfusão tissular.'),
(654, 'Auxiliar na inserção de marca-passo transitório ou externo temporário, conforme apropriado.     '),
(655, 'Orientar o paciente e a família sobre as ações e os efeitos secundários dos medicamentos prescritos.       '),
(656, 'Monitorar a pressão venosa central, conforme prescrito.  '),
(657, 'Fazer uma avaliação completa da circulação periférica (p. ex., verificar pulsos periféricos, edema, enchimento capilar, cor e temperatura das extremidades). '),
(658, 'Monitorar a presença e a qualidade dos pulsos.'),
(659, 'Monitorar o ritmo e a frequência cardíaca.'),
(660, 'Observar e anotar as tendências e as oscilações na pressão sanguínea.'),
(661, 'Administrar o oxigênio prescrito.'),
(662, 'Encorajar a tosse e a respiração profunda.'),
(663, 'Aspirar as vias aéreas, se necessário.'),
(664, 'Monitorar a ocorrência de dificuldade respiratória.'),
(665, 'Observar o surgimento de sinais de obstrução das vias aéreas.'),
(666, 'Monitorar os sinais vitais.'),
(667, 'Manter vias aéreas desobstruídas.'),
(668, 'Montar o equipamento de oxigênio e administrá-lo por meio de um sistema aquecido e umidificado.'),
(669, 'Administrar oxigênio suplementar, quando necessário conforme prescrição médica.'),
(670, 'Monitorar a eficácia da terapia com oxigênio (p. ex., oximetria de pulso, gasometria arterial), conforme apropriado.'),
(671, 'Observar sinais de hipoventilação induzida por oxigênio.'),
(672, 'Monitorar sinais de toxicidade do oxigênio e atelectasia por absorção.'),
(673, 'Monitorar a ansiedade do paciente em relação à necessidade de oxigenoterapia.'),
(674, 'Oferecer oxigênio durante transporte do paciente, conforme prescrição médica.'),
(675, 'Monitorar frequência, ritmo, profundidade e esforço nas respirações.'),
(676, 'Registrar movimentos torácicos observando a existência de simetria, uso de músculos acessórios e retrações de músculos supraclaviculares e intercostais.'),
(677, 'Monitorar a ocorrência de respirações ruidosas, como sibilos e roncos.'),
(678, 'Monitorar os padrões respiratórios: bradipneia, taquipneia, hiperventilação, respirações de Kussmaul, respirações de Cheyne-Stokes, padrão apnêustico, respiração de Blot e padrões atáxicos.'),
(679, 'Monitorar a ocorrência da fadiga de músculos diafragmáticos (movimento paradoxal).'),
(680, 'Auscultar os sons respiratórios, observando as áreas de ventilação diminuída/ausente e a presença de ruídos adventícios. '),
(681, 'Monitorar a frequência e o ritmo respiratório.'),
(682, 'Monitorar a ocorrência de cianose central e periférica.'),
(683, 'Monitorar dados do ventilador mecânico, registrando aumentos nas pressões inspiratórias e reduções no volume corrente, conforme apropriado.'),
(684, 'Monitorar a ocorrência de aumento da inquietação, ansiedade e falta de ar.'),
(685, 'Registrar mudanças no SaO2, SvO2, CO2 e os valores da gasometria arterial, conforme apropriado.'),
(686, 'Monitorar a capacidade do paciente para tossir de forma eficaz.'),
(687, 'Monitorar secreções respiratórias do paciente.'),
(688, 'Monitorar a ocorrência de dispneia e eventos que a melhorem ou piorem.'),
(689, 'Manter cabeceira elevada. '),
(690, 'Posicionar adequadamente o paciente.  '),
(691, 'Atentar para distúrbio ácido básico.'),
(692, 'Monitorar a ocorrência de sintomas de oxigenação tissular inadequada.   '),
(693, 'Atentar para PAM e FC, comunicar se alterações.           '),
(694, 'Monitorar ECG comunicar  e anotar alterações.   '),
(695, 'Atentar para padrão respiratório.    '),
(697, 'Atentar para sinais de choque cardiogênico.    '),
(698, 'Comunicar imediatamente sinais de instabilidade hemodinâmica.  '),
(699, 'Fazer avaliação completa da circulação periférica (p. ex., verificar pulsos periféricos, edema, enchimento capilar, cor e temperatura da extremidade). '),
(700, 'Anotar os números da pressão PIC.'),
(701, 'Monitorar a qualidade e as características das ondas PIC.'),
(702, 'Monitorar a pressão da perfusão cerebral.'),
(703, 'Monitorar a condição neurológica.'),
(704, 'Monitorar a PIC e a resposta neurológica do paciente às atividades de cuidado e aos estímulos do ambiente.'),
(705, 'Anotar a quantidade, a frequência e as características da drenagem do líquido cérebro-espinhal.'),
(706, 'Posicionar o paciente com a cabeça e o pescoço em posição neutra, evitando flexão extrema do quadril.'),
(707, 'Ajustar a cabeceira da cama de modo a otimizar a perfusão cerebral.'),
(708, 'Minimizar os estímulos ambientais sobre a PIC.'),
(709, 'Espaçar os cuidados de enfermagem, para minimizar a elevação da PIC.'),
(710, 'Alterar o procedimento de aspiração para minimizar o aumento da PIC.'),
(711, 'Monitorar os níveis de CO2 e manter dentro de parâmetros adequados.'),
(712, 'Manter a pressão arterial sistêmica dentro da variabilidade adequada.'),
(713, 'Administrar agentes farmacológicos para manter a PIC dentro de variação adequada.'),
(714, 'Notificar o médico quanto a PIC elevada que não responde aos protocolos de tratamento. '),
(715, 'Verificar com rigor temperatura central.        '),
(716, 'Utilizar medidas para prevenção de hipertermia (administração de antitérmicos conforme prescrição, resfriamento com gelox e compressas).    '),
(717, 'Realizar hipotermia terapêutica conforme prescrição, se apropriado.  '),
(718, 'Avaliar e anotar escala de coma de glasgow, conforme apropriado. '),
(719, 'Avaliar e anotar escala de sedação, conforme apropriado.  '),
(720, 'Administrar sedação e analgesia, conforme prescrição médica.   '),
(721, 'Fazer avaliação completa da circulação periférica (p. ex., verificar pulsos periféricos, edema, enchimento capilar, cor e temperatura da extremidade).   '),
(722, 'Monitorar a ocorrência de cianose central e periférica. '),
(723, 'Monitorar a perfusão tissular, conforme apropriado.'),
(724, 'Promover aquecimento de extremidades, quando apropriado.     '),
(725, 'Fazer avaliação completa da circulação periférica (p. ex., verificar pulsos periféricos, edema, enchimento capilar, cor e temperatura da extremidade).         '),
(726, 'Monitorar a ocorrência de cianose central e periférica.   '),
(727, 'Monitorar a perfusão tissular, conforme apropriado.'),
(728, 'Promover aquecimento de extremidades, quando apropriado.     '),
(729, 'Fazer uma avaliação completa da circulação periférica (p. ex., verificar pulsos periféricos, edema, enchimento capilar, cor e temperatura das extremidades).    '),
(730, 'Atentar para sangramentos.   '),
(731, 'Monitorar PAM e FC.     '),
(732, 'Administrar volume conforme prescrição médica, se apropriado.   '),
(733, 'Administrar anti hipertensivos/ vasodilatadores conforme prescrição médica, se apropriado.   '),
(734, 'Atentar para efeitos colaterais de medicações.   '),
(735, 'Atentar para alteração do nível de consciência.         '),
(736, 'Atentar para cefaleia, náuseas e vômitos. '),
(737, 'Administrar medicações conforme prescrição médica, se necessário.   '),
(738, 'Aspirar as vias aéreas, se necessário.'),
(739, 'Monitorar a ocorrência de dificuldade respiratória.'),
(740, 'Observar o surgimento de sinais de obstrução das vias aéreas.'),
(741, 'Monitorar os sinais vitais.           '),
(742, 'Manter vias aéreas desobstruídas.'),
(743, 'Monitorar a eficácia da ventilação (p. ex., oximetria de pulso, gasometria arterial), conforme apropriado.'),
(744, 'Observar sinais de hipoventilação induzida por oxigênio.'),
(745, 'Monitorar sinais de toxicidade do oxigênio e atelectasia por absorção.'),
(746, 'Monitorar a ansiedade do paciente em relação à necessidade de oxigenoterapia.'),
(747, 'Monitorar insuficiência respiratória iminente.'),
(748, 'Assegurar que os alarmes do ventilador estejam acionados.'),
(749, 'Administrar relaxantes musculares, sedativos e analgésicos narcóticos, conforme apropriado.'),
(750, 'Monitorar quanto as atividades que aumentem o consumo de O2 (febre, tremor, convulsões, dor, ou atividades básicas de enfermagem), capazes de ultrapassar os ajustes do ventilador e causar dessaturação de O2.'),
(751, 'Monitorar sintomas indicativos de aumento do trabalho respiratório (p. ex., aumento da frequência cardíaca ou respiratória, aumento da pressão sanguínea, diaforese, mudanças no estado mental).'),
(752, 'Oferecer cuidados para alívio do sofrimento do paciente (p. ex., posicionamento, aspiração traqueobrônquica, terapia broncodilatadora, sedação e/ou analgesia, checagens frequentes do equipamento).'),
(753, 'Monitorar os dados da pressão ventilatória, a sincronia entre paciente e ventilador e os sons respiratórios do paciente.'),
(754, 'Monitorar as secreções pulmonares quanto à quantidade, cor e consistência, além de documentar as informações com regularidade.'),
(755, 'Posicionar o paciente de modo a facilitar a combinação ventilação/perfusão (\"pulmão sadio para baixo”), conforme apropriado.'),
(756, 'Observar critérios de desmame (p. ex., estabilidade hemodinâmica, cerebral e metabólica, solução da condição que levou à intubação, capacidade de manter a via aérea do paciente, capacidade de iniciar o esforço ventilatório).'),
(757, 'Documentar todas as reações do paciente ao ventilador e às mudanças no ventilador (p. ex., observação/ausculta dos sons pulmonares, mudanças radiográficas, mudanças na gasometria arterial).'),
(758, 'Posicionar o paciente para um uso melhor dos músculos ventilatórios e para otimizar a expansão diafragmática.'),
(759, 'Alternar períodos de tentativas de desmame com períodos suficientes de repouso e sono.'),
(760, 'Evitar sedação farmacológica durante as tentativas de desmame, conforme apropriado.'),
(761, 'Posicionar adequadamente o paciente.    '),
(762, 'Monitorar sinais vitais (PAM, FC, FR, SpO2).'),
(763, 'Investigar a condição fisiológica do paciente quanto a deficiências que resultem em fadiga no contexto da idade e do desenvolvimento.'),
(764, 'Encorajar a expressão de sentimentos sobre as limitações.'),
(765, 'Usar instrumentos válidos para medir a fadiga, se indicado.'),
(766, 'Determinar a percepção das causas da fadiga pelo paciente/pessoa significativa.'),
(767, 'Corrigir déficits na condição fisiológica (p. ex., anemia) como itens prioritários.'),
(768, 'Selecionar as intervenções para reduzir a fadiga usando combinações de categorias farmacológicas e não farmacológicas, conforme apropriado.'),
(769, 'Determinar quais atividades e quanto são necessárias para desenvolver a resistência.'),
(770, 'Monitorar a ingestão nutricional para garantir recursos energéticos adequados.'),
(771, 'Monitorar o paciente quanto a evidências de fadiga física e emocional excessiva.'),
(772, 'Monitorar a resposta cardiorrespiratória à atividade (p. ex., taquicardia, outras disritmias, dispneia, sudorese, palidez, pressões hemodinâmicas, frequência respiratória).'),
(773, 'Limitar estímulos ambientais (p. ex., iluminação e ruídos) para facilitar o relaxamento.'),
(774, 'Limitar o número de  visitantes, conforme apropriado.'),
(775, 'Promover repouso no leito/limite às atividades (p. ex., aumentar o número de períodos de descanso) com horários protegidos de repouso no leito, conforme a preferência.'),
(776, 'Monitorar a administração e o efeito de estimulantes e depressivos.    '),
(777, '  Monitorar exames laboratoriais. '),
(778, 'Atentar para Sinais Vitais.'),
(779, 'Investigar a condição fisiológica do paciente quanto a deficiências que resultem em fadiga no contexto da idade e do desenvolvimento.'),
(780, 'Encorajar a expressão de sentimentos sobre as limitações.'),
(781, 'Usar instrumentos válidos para medir a fadiga, se indicado.'),
(782, 'Determinar a percepção das causas da fadiga pelo paciente/pessoa significativa.'),
(783, 'Corrigir déficits na condição fisiológica (p. ex., anemia) como itens prioritários.'),
(784, 'Selecionar as intervenções para reduzir a fadiga usando combinações de categorias farmacológicas e não farmacológicas, conforme apropriado.'),
(785, 'Determinar quais atividades e quanto são necessárias para desenvolver a resistência.'),
(786, 'Monitorar a ingestão nutricional para garantir recursos energéticos adequados.'),
(787, 'Monitorar o paciente quanto a evidências de fadiga física e emocional excessiva.'),
(788, 'Monitorar a resposta cardiorrespiratória à atividade (p. ex., taquicardia, outras disritmias, dispneia, sudorese, palidez, pressões hemodinâmicas, frequência respiratória).'),
(789, 'Limitar estímulos ambientais (p. ex., iluminação e ruídos) para facilitar o relaxamento.'),
(790, 'Limitar o número de  visitantes, conforme apropriado.'),
(791, 'Promover repouso no leito/limite às atividades (p. ex., aumentar o número de períodos de descanso) com horários protegidos de repouso no leito, conforme a preferência.'),
(792, 'Monitorar a administração e o efeito de estimulantes e depressivos.       '),
(793, 'Monitorar exames laboratoriais.  '),
(794, 'Atentar para Sinais Vitais.'),
(795, 'Monitorar a ocorrência de sintomas de oxigenação tissular inadequada.    '),
(796, '  Monitorar o padrão respiratório quanto a sintomas de dificuldade respiratória (p. ex., dispneia, taquipneia e falta de fôlego).  '),
(797, 'Monitorar os determinantes da distribuição tissular de oxigênio (p. ex., níveis de PaO2, SaO2 e da hemoglobina, além de débito cardíaco), se possível.    '),
(798, 'Monitorar a ocorrência de sintomas de insuficiência respiratória (p. ex., níveis baixos de PaO2 e elevados de PaCO2, e fadiga muscular respiratória).   '),
(799, 'Administrar o oxigênio prescrito.'),
(800, 'Aspirar as vias aéreas, se necessário.'),
(801, 'Observar o surgimento de sinais de obstrução das vias aéreas.'),
(802, 'Monitorar os sinais vitais.     '),
(803, 'Manter vias aéreas desobstruídas'),
(804, 'Montar o equipamento de oxigênio e administrá-lo por meio de um sistema aquecido e umidificado.'),
(805, 'Administrar oxigênio suplementar, quando necessário conforme prescrição médica.'),
(806, 'Monitorar a eficácia da terapia com oxigênio (p. ex., oximetria de pulso, gasometria arterial), conforme apropriado.   '),
(807, 'Observar sinais de hipoventilação induzida por oxigênio.'),
(808, 'Monitorar sinais de toxicidade do oxigênio e atelectasia por absorção.'),
(809, 'Evitar colocar o paciente em posição que aumente a dor.'),
(810, 'Monitorar frequência, ritmo, profundidade e esforço nas respirações.'),
(811, 'Registrar movimentos torácicos observando a existência de simetria, uso de músculos acessórios e retrações de músculos supraclaviculares e intercostais.'),
(812, 'Monitorar a ocorrência de respirações ruidosas, como sibilos e roncos.'),
(813, 'Monitorar os padrões respiratórios: bradipneia, taquipneia, hiperventilação, respirações de Kussmaul, respirações de Cheyne-Stokes, padrão apnêustico, respiração de Blot e padrões atáxicos.'),
(814, 'Monitorar a ocorrência da fadiga de músculos diafragmáticos (movimento paradoxal).'),
(815, 'Auscultar os sons respiratórios, observando as áreas de ventilação diminuída/ausente e a presença de ruídos adventícios.'),
(816, 'Monitorar a ocorrência de aumento da inquietação, ansiedade e falta de ar.'),
(817, 'Registrar mudanças no SaO2, SvO2, CO2 e valores na gasometria arterial, conforme apropriado.'),
(818, 'Monitorar a capacidade do paciente para tossir de forma eficaz.'),
(819, 'Monitorar secreções respiratórias do paciente.'),
(820, 'Monitorar a ocorrência de dispneia e eventos que a melhorem ou piorem.'),
(821, 'Determinar a necessidade de intubação endotraqueal. '),
(823, '        Determinar a necessidade de ventilação mecânica invasiva, conforme apropriado.'),
(824, 'Atentar para sinais de hipoxemia (bradicardia e hipotensão).    '),
(825, ' Posicionamento adequado.'),
(826, 'Monitorar a capacidade de deglutir e falar.  '),
(827, 'Manter cabeceira elevada durante as refeições. '),
(828, 'Comunicar e anotar se observar dificuldade ao deglutir. '),
(829, 'Realizar  avaliação nutricional, conforme apropriado. '),
(830, 'Realizar avaliação fonoaudiológica, conforme apropriado. '),
(831, 'Supervisionar e auxiliar as refeições.   '),
(832, 'Posicionar adequadamente para facilitar a refeição.  '),
(833, 'Oferecer dieta prescrita com auxílio.  '),
(834, 'Identificar limitação neurológica e/ou física antes de oferecer a dieta.     '),
(835, 'Determinar a necessidade de alimentação via sonda enteral.'),
(836, 'Administrar a alimentação enteral, conforme apropriado.  '),
(837, 'Passagem de sonda naso/orogástica ou enteral conforme prescrição médica.'),
(839, 'Confirmar o posicionamento da sonda com radiografia, conforme o protocolo da instituição.'),
(840, 'Administrar analgesia conforme prescrito, antes das refeições, conforme apropriado.'),
(841, 'Informar o paciente sobre pessoa, local e tempo, se necessário.'),
(842, 'Usar um método calmo e lento ao interagir com o paciente.'),
(843, 'Evitar frustrar o paciente com exigências além de sua capacidade.'),
(844, 'Usar gestos e objetos para aumento da compreensão das comunicações verbais.'),
(845, 'Proporcionar repouso e sono adequados, inclusive um sono rápido durante o dia, quando necessário.'),
(846, 'Encorajar a família a participar dos cuidados com base nas capacidades, necessidades e desempenho.'),
(847, 'Monitorar ocorrência de mudanças na orientação, na função cognitiva e comportamental.        '),
(848, 'Verificar e anotar escala de coma de Glasgow se alteração do nível de consciência e quando apropriado.  '),
(849, 'Atentar para efeito colateral de medicações.          '),
(850, 'Monitorar exames laboratoriais e atentar para alterações.  '),
(851, 'Atentar para quadro infeccioso.  '),
(852, 'Monitorar níveis glicêmicos, quando apropriado.    '),
(853, 'Atentar para abstinência medicamentosa, álcool e drogas.  '),
(854, 'Contenção mecânica, conforme prescrito e, se apropriado.      '),
(855, 'Administração de sedativos, conforme prescrito e, se apropriado.'),
(856, 'Informar o paciente sobre pessoa, local e tempo, se necessário.'),
(857, 'Usar um método calmo e lento ao interagir com o paciente.'),
(858, 'Evitar frustrar o paciente com exigências além de sua capacidade.'),
(859, 'Usar gestos e objetos para aumento da compreensão das comunicações verbais.'),
(860, 'Proporcionar repouso e sono adequados, inclusive um sono rápido durante o dia, quando necessário.'),
(861, 'Encorajar a família a participar dos cuidados com base nas capacidades, necessidades e desempenho.'),
(862, 'Monitorar ocorrência de mudanças na orientação, na função cognitiva e comportamental.        '),
(863, 'Verificar e anotar escala de coma de Glasgow se alteração do nível de consciência e quando apropriado.  '),
(864, 'Atentar para efeito colateral de medicações.   '),
(865, 'Monitorar exames laboratoriais e atentar para alterações.     '),
(866, 'Atentar para quadro infeccioso.   '),
(867, 'Monitorar níveis glicêmicos, quando apropriado.   '),
(868, 'Atentar para abstinência medicamentosa, álcool e drogas.   '),
(869, 'Informar o paciente sobre pessoa, local e tempo, se necessário.'),
(870, 'Usar um método calmo e lento ao interagir com o paciente.'),
(871, 'Evitar frustrar o paciente com exigências além de sua capacidade.'),
(872, 'Usar gestos e objetos para aumento da compreensão das comunicações verbais.'),
(873, 'Proporcionar repouso e sono adequados, inclusive um sono rápido durante o dia, quando necessário.'),
(874, 'Encorajar a família a participar dos cuidados com base nas capacidades, necessidades e desempenho.'),
(875, 'Monitorar ocorrência de mudanças na orientação, na função cognitiva e comportamental.  '),
(876, '   Verificar e anotar escala de coma de Glasgow se alteração do nível de consciência e quando apropriado.      '),
(877, 'Monitorar exames laboratoriais e atentar para alterações. '),
(878, 'Contenção mecânica, conforme prescrito e, se apropriado. '),
(879, 'Administração de sedativos, conforme prescrito e, se apropriado.      '),
(880, 'Avaliar a adaptação do paciente a mudanças na imagem corporal, se indicado.'),
(881, 'Avaliar a compreensão que o paciente tem do processo de doença.'),
(882, 'Oferecer informações reais a respeito do diagnóstico, tratamento e prognóstico.'),
(883, 'Promover situações que encorajem a autonomia do paciente.'),
(884, 'Encorajar o envolvimento da família, conforme apropriado.  '),
(885, 'Orientar o paciente sobre alimentos permitidos e proibidos.'),
(886, 'Avaliar o nível atual de conhecimentos do paciente sobre a dieta prescrita.'),
(887, 'Informar o paciente sobre possíveis interações de fármacos/alimentos, conforme apropriado.'),
(888, 'Ajudar o paciente a incluir as preferências alimentares na dieta.'),
(889, 'Proporcionar um ambiente adequado a conversas particulares entre o paciente, a família e os profissionais de cuidados da saúde.        '),
(890, 'Conversar com o paciente sobre a(s) experiência(s) emocional(is).'),
(891, 'Investigar com o paciente o que desencadeou as emoções.'),
(892, 'Fazer declarações de apoio ou empatia.   '),
(893, 'Facilitar a identificação, pelo paciente, do padrão usual de resposta ao enfrentar os medos.'),
(894, 'Oferecer apoio durante a fase de negação, raiva, barganha e aceitação do luto.'),
(895, 'Identificar a função da raiva, da frustração e do rancor para o paciente.'),
(896, 'Encorajar o diálogo ou o choro como formas de reduzir a resposta emocional.'),
(897, 'Ficar com o paciente e garantir sua segurança e proteção durante períodos de ansiedade.'),
(898, 'Oferecer assistência na tomada de decisão.        '),
(899, 'Encaminhar para aconselhamento, conforme apropriado.  '),
(900, 'Avaliar a adaptação do paciente a mudanças na imagem corporal, se indicado.'),
(901, 'Avaliar a compreensão que o paciente tem do processo de doença.'),
(902, 'Oferecer informações reais a respeito do diagnóstico, tratamento e prognóstico.'),
(903, 'Promover situações que encorajem a autonomia do paciente.'),
(904, 'Encorajar o envolvimento da família, conforme apropriado.  '),
(905, 'Encaminhar ao profissional psicólogo para acompanhamento.'),
(906, 'Proporcionar um ambiente adequado a conversas particulares entre o paciente, a família e os profissionais de cuidados da saúde. '),
(907, 'Conversar com o paciente sobre a(s) experiência(s) emocional(is).'),
(908, 'Investigar com o paciente o que desencadeou as emoções.'),
(909, 'Fazer declarações de apoio ou empatia.     '),
(910, 'Facilitar a identificação, pelo paciente, do padrão usual de resposta ao enfrentar os medos.'),
(911, 'Oferecer apoio durante a fase de negação, raiva, barganha e aceitação do luto.'),
(912, 'Identificar a função da raiva, da frustração e do rancor para o paciente.'),
(913, 'Encorajar o diálogo ou o choro como formas de reduzir a resposta emocional.'),
(914, 'Ficar com o paciente e garantir sua segurança e proteção durante períodos de ansiedade.'),
(915, 'Oferecer assistência na tomada de decisão. '),
(916, 'Encaminhar para aconselhamento, conforme apropriado.'),
(917, 'Informar o paciente sobre pessoa, local e tempo, se necessário.'),
(918, 'Usar um método calmo e lento ao interagir com o paciente.'),
(919, 'Evitar frustrar o paciente com exigências além de sua capacidade.'),
(920, 'Usar gestos e objetos para aumento da compreensão das comunicações verbais.'),
(921, 'Proporcionar repouso e sono adequados, inclusive um sono rápido durante o dia, quando necessário.'),
(922, 'Encorajar a família a participar dos cuidados com base nas capacidades, necessidades e desempenho.'),
(923, 'Monitorar ocorrência de mudanças na orientação, na função cognitiva e comportamental.'),
(924, 'Informar o paciente sobre pessoa, local e tempo, se necessário.'),
(925, 'Usar um método calmo e lento ao interagir com o paciente.'),
(926, 'Evitar frustrar o paciente com exigências além de sua capacidade.'),
(927, 'Usar gestos e objetos para aumento da compreensão das comunicações verbais.'),
(928, 'Proporcionar repouso e sono adequados, inclusive um sono rápido durante o dia, quando necessário.'),
(929, 'Encorajar a família a participar dos cuidados com base nas capacidades, necessidades e desempenho.'),
(930, 'Monitorar ocorrência de mudanças na orientação, na função cognitiva e comportamental. '),
(931, 'Atentar para efeitos de trauma.         '),
(932, 'Monitorar efeitos colaterais de medicação.'),
(933, 'Conversar com o paciente sobre a(s) experiência(s) emocional(is).'),
(934, 'Investigar com o paciente o que desencadeou as emoções.'),
(935, 'Fazer declarações de apoio ou empatia.         '),
(936, 'Facilitar a identificação, pelo paciente, do padrão usual de resposta ao enfrentar os medos.'),
(937, 'Oferecer apoio durante a fase de negação, raiva, barganha e aceitação do luto.'),
(938, 'Identificar a função da raiva, da frustração e do rancor para o paciente.'),
(939, 'Encorajar o diálogo ou o choro como formas de reduzir a resposta emocional.'),
(940, 'Ficar com o paciente e garantir sua segurança e proteção durante períodos de ansiedade.'),
(941, 'Oferecer assistência na tomada de decisão.    '),
(942, 'Encaminhar para aconselhamento, conforme apropriado.'),
(943, 'Usar gestos e objetos para aumento da compreensão das comunicações verbais.      '),
(944, 'Usar um método calmo e lento ao interagir com o paciente.            '),
(945, 'Utilizar formas não verbais de comunicação (símbolos, desenhos, gestos).        '),
(946, 'Encaminhar para aconselhamento, conforme apropriado.'),
(947, 'Avaliar a adaptação do paciente a mudanças na imagem corporal, se indicado.  '),
(948, 'Oferecer apoio durante a fase de negação, raiva, barganha e aceitação. '),
(949, 'Oferecer informações reais a respeito do diagnóstico, tratamento e prognóstico.'),
(950, 'Promover situações que encorajem a autonomia do paciente.'),
(951, 'Encorajar o envolvimento da família, conforme apropriado.'),
(952, 'Proporcionar um ambiente adequado a conversas particulares entre o paciente, a família e os profissionais de cuidados da saúde.      '),
(953, 'Conversar com o paciente sobre a(s) experiência(s) emocional(is).'),
(954, 'Investigar com o paciente o que desencadeou as emoções.'),
(955, 'Fazer declarações de apoio ou empatia.'),
(956, 'Facilitar a identificação, pelo paciente, do padrão usual de resposta ao enfrentar os medos.'),
(957, 'Oferecer apoio durante a fase de negação, raiva, barganha e aceitação do luto.'),
(958, 'Identificar a função da raiva, da frustração e do rancor para o paciente.'),
(959, 'Encorajar o diálogo ou o choro como formas de reduzir a resposta emocional.'),
(960, 'Ficar com o paciente e garantir sua segurança e proteção durante períodos de ansiedade.'),
(961, 'Oferecer assistência na tomada de decisão.      '),
(962, 'Encaminhar para aconselhamento, conforme apropriado.   '),
(963, 'Avaliar a adaptação do paciente a mudanças na imagem corporal, se indicado.'),
(964, 'Avaliar a compreensão que o paciente tem do processo de doença.'),
(965, 'Oferecer informações reais a respeito do diagnóstico, tratamento e prognóstico.'),
(966, 'Promover situações que encorajem a autonomia do paciente.'),
(967, 'Encorajar o envolvimento da família, conforme apropriado.'),
(968, 'Proporcionar um ambiente adequado a conversas particulares entre o paciente, a família e os profissionais de cuidados da saúde.  '),
(969, 'Conversar com o paciente sobre a(s) experiência(s) emocional(is).'),
(970, 'Investigar com o paciente o que desencadeou as emoções.'),
(971, 'Fazer declarações de apoio ou empatia.   '),
(972, 'Facilitar a identificação, pelo paciente, do padrão usual de resposta ao enfrentar os medos.'),
(973, 'Oferecer apoio durante a fase de negação, raiva, barganha e aceitação do luto.'),
(974, 'Identificar a função da raiva, da frustração e do rancor para o paciente.'),
(975, 'Encorajar o diálogo ou o choro como formas de reduzir a resposta emocional.'),
(976, 'Ficar com o paciente e garantir sua segurança e proteção durante períodos de ansiedade.'),
(977, 'Oferecer assistência na tomada de decisão.  '),
(978, 'Encaminhar para aconselhamento, conforme apropriado.   '),
(979, 'Avaliar a adaptação do paciente a mudanças na imagem corporal, se indicado.'),
(981, 'Avaliar a compreensão que o paciente tem do processo de doença.'),
(982, 'Oferecer informações reais a respeito do diagnóstico, tratamento e prognóstico.'),
(983, 'Promover situações que encorajem a autonomia do paciente.'),
(984, 'Encorajar o envolvimento da família, conforme apropriado.'),
(985, 'Avaliar a adaptação do paciente a mudanças na imagem corporal, se indicado.'),
(986, 'Avaliar a compreensão que o paciente tem do processo de doença.'),
(987, 'Oferecer informações reais a respeito do diagnóstico, tratamento e prognóstico.'),
(988, 'Promover situações que encorajem a autonomia do paciente.'),
(989, 'Encorajar o envolvimento da família, conforme apropriado. '),
(990, 'Encaminhar para aconselhamento, conforme apropriado.            '),
(991, 'Avaliar a adaptação do paciente a mudanças na imagem corporal, se indicado.'),
(992, 'Avaliar a compreensão que o paciente tem do processo de doença.'),
(993, 'Oferecer informações reais a respeito do diagnóstico, tratamento e prognóstico.'),
(994, 'Promover situações que encorajem a autonomia do paciente.'),
(995, 'Encorajar o envolvimento da família, conforme apropriado.'),
(996, 'Proporcionar um ambiente adequado a conversas particulares entre o paciente, a família e os profissionais de cuidados da saúde. '),
(997, 'Conversar com o paciente sobre a(s) experiência(s) emocional(is).'),
(998, 'Investigar com o paciente o que desencadeou as emoções.'),
(999, 'Fazer declarações de apoio ou empatia.   '),
(1000, 'Facilitar a identificação, pelo paciente, do padrão usual de resposta ao enfrentar os medos.'),
(1001, 'Oferecer apoio durante a fase de negação, raiva, barganha e aceitação do luto.'),
(1002, 'Identificar a função da raiva, da frustração e do rancor para o paciente.'),
(1003, 'Encorajar o diálogo ou o choro como formas de reduzir a resposta emocional.'),
(1004, 'Ficar com o paciente e garantir sua segurança e proteção durante períodos de ansiedade.'),
(1005, 'Oferecer assistência na tomada de decisão.       '),
(1006, 'Encaminhar para aconselhamento, conforme apropriado.'),
(1007, 'Proporcionar um ambiente adequado a conversas particulares entre o paciente, a família e os profissionais de cuidados da saúde. '),
(1008, 'Conversar com o paciente sobre a(s) experiência(s) emocional(is).'),
(1009, 'Investigar com o paciente o que desencadeou as emoções.'),
(1010, 'Fazer declarações de apoio ou empatia.   '),
(1011, 'Facilitar a identificação, pelo paciente, do padrão usual de resposta ao enfrentar os medos.'),
(1012, 'Oferecer apoio durante a fase de negação, raiva, barganha e aceitação do luto.'),
(1013, 'Identificar a função da raiva, da frustração e do rancor para o paciente.'),
(1014, 'Encorajar o diálogo ou o choro como formas de reduzir a resposta emocional.'),
(1015, 'Ficar com o paciente e garantir sua segurança e proteção durante períodos de ansiedade.'),
(1016, 'Oferecer assistência na tomada de decisão.  '),
(1017, 'Encaminhar para aconselhamento, conforme apropriado.'),
(1018, 'Proporcionar um ambiente adequado a conversas particulares entre o paciente, a família e os profissionais de cuidados da saúde.     '),
(1019, 'Conversar com o paciente sobre a(s) experiência(s) emocional(is).'),
(1020, 'Investigar com o paciente o que desencadeou as emoções.'),
(1021, 'Fazer declarações de apoio ou empatia.     '),
(1022, 'Facilitar a identificação, pelo paciente, do padrão usual de resposta ao enfrentar os medos.'),
(1023, 'Oferecer apoio durante a fase de negação, raiva, barganha e aceitação do luto.'),
(1024, 'Identificar a função da raiva, da frustração e do rancor para o paciente.'),
(1025, 'Encorajar o diálogo ou o choro como formas de reduzir a resposta emocional.'),
(1026, 'Ficar com o paciente e garantir sua segurança e proteção durante períodos de ansiedade.'),
(1027, 'Oferecer assistência na tomada de decisão.    '),
(1028, 'Encaminhar para aconselhamento, conforme apropriado.   '),
(1029, 'Avaliar a adaptação do paciente a mudanças na imagem corporal, se indicado.'),
(1030, 'Avaliar a compreensão que o paciente tem do processo de doença/ trauma.'),
(1031, 'Oferecer informações reais a respeito do diagnóstico, tratamento e prognóstico.'),
(1032, 'Promover situações que encorajem a autonomia do paciente.'),
(1033, 'Encorajar o envolvimento da família, conforme apropriado.'),
(1035, 'Proporcionar um ambiente adequado a conversas particulares entre o paciente, a família e os profissionais de cuidados da saúde.    '),
(1036, 'Conversar com o paciente sobre a(s) experiência(s) emocional(is).'),
(1037, 'Investigar com o paciente o que desencadeou as emoções.'),
(1038, 'Fazer declarações de apoio ou empatia.  '),
(1039, 'Facilitar a identificação, pelo paciente, do padrão usual de resposta ao enfrentar os medos.'),
(1040, 'Oferecer apoio durante a fase de negação, raiva, barganha e aceitação do luto.'),
(1041, 'Identificar a função da raiva, da frustração e do rancor para o paciente.'),
(1042, 'Encorajar o diálogo ou o choro como formas de reduzir a resposta emocional.'),
(1043, 'Ficar com o paciente e garantir sua segurança e proteção durante períodos de ansiedade.'),
(1044, 'Oferecer assistência na tomada de decisão. '),
(1045, 'Encaminhar para aconselhamento, conforme apropriado.   '),
(1046, 'Avaliar a adaptação do paciente a mudanças na imagem corporal, se indicado.'),
(1047, 'Avaliar a compreensão que o paciente tem do processo de doença/ trauma.'),
(1048, 'Oferecer informações reais a respeito do diagnóstico, tratamento e prognóstico.'),
(1049, 'Promover situações que encorajem a autonomia do paciente.'),
(1050, 'Encorajar o envolvimento da família, conforme apropriado.'),
(1051, 'Investigar com o paciente o que desencadeou as dificuldades percebidas.'),
(1052, 'Ficar com o paciente e garantir sua segurança e proteção durante períodos de ansiedade.'),
(1053, 'Oferecer assistência na tomada de decisão.        '),
(1054, 'Encaminhar para aconselhamento, conforme apropriado.   '),
(1055, 'Orientar o cuidador sobre o seu papel no ambiente hospitalar e no momento da alta.       '),
(1056, 'Oferecer apoio social e psicológico para adaptação.         '),
(1057, 'Identificar as dificuldades do cuidador e tentar apoiá-lo em suas limitações.    '),
(1058, 'Capacitar o cuidador no processo de reabilitação do doente.  '),
(1059, 'Investigar com o paciente o que desencadeou as dificuldades percebidas.'),
(1060, 'Ficar com o paciente e garantir sua segurança e proteção durante períodos de ansiedade.'),
(1061, 'Oferecer assistência na tomada de decisão.        '),
(1062, 'Encaminhar para aconselhamento, conforme apropriado.         '),
(1063, 'Orientar o cuidador sobre o seu papel no ambiente hospitalar e no momento da alta. '),
(1064, 'Oferecer apoio social e psicológico para adaptação.  '),
(1065, 'Identificar as dificuldades do cuidador e tentar apoiá-lo em suas limitações.        '),
(1066, 'Capacitar o cuidador no processo de reabilitação do doente.  '),
(1067, 'Identificar as dificuldades do cuidador e tentar apoiá-lo em suas limitações.             '),
(1068, 'Manter repouso absoluto no leito.     '),
(1069, 'Manter decúbito lateral esquerdo.'),
(1070, 'Atentar para sangramento. '),
(1071, 'Monitorar e anotar SSVV  (PAM, FC, FR e TAX).    '),
(1072, 'Verificar glicemia capilar conforme prescrito.     '),
(1073, 'Verificar e anotar BCF.   '),
(1074, 'Atentar para padrão respiratório.'),
(1075, 'Administrar medicações conforme prescrito.'),
(1076, 'Oferecer apoio, buscando reduzir ansiedade.    '),
(1077, 'Atentar para  exames laboratoriais.'),
(1078, 'Proporcionar um ambiente adequado a conversas particulares entre o paciente, a família e os profissionais de cuidados da saúde.   '),
(1079, 'Conversar com o paciente sobre a(s) experiência(s) emocional(is).'),
(1080, 'Investigar com o paciente o que desencadeou as emoções.'),
(1081, 'Fazer declarações de apoio ou empatia.'),
(1082, 'Facilitar a identificação, pelo paciente, do padrão usual de resposta ao enfrentar os medos.'),
(1083, 'Oferecer apoio durante a fase de negação, raiva, barganha e aceitação do luto.'),
(1084, 'Identificar a função da raiva, da frustração e do rancor para o paciente.'),
(1085, 'Encorajar o diálogo ou o choro como formas de reduzir a resposta emocional.'),
(1086, 'Ficar com o paciente e garantir sua segurança e proteção durante períodos de ansiedade.'),
(1087, 'Oferecer assistência na tomada de decisão.  '),
(1088, 'Encaminhar para aconselhamento, conforme apropriado. '),
(1089, 'Avaliar a adaptação do paciente a mudanças na imagem corporal, se indicado.'),
(1090, 'Avaliar a compreensão que o paciente tem do processo de doença do trauma.'),
(1091, 'Oferecer informações reais a respeito do diagnóstico, tratamento e prognóstico.'),
(1092, 'Promover situações que encorajem a autonomia do paciente.'),
(1093, 'Encorajar o envolvimento da família, conforme apropriado. '),
(1094, 'Usar um método calmo e lento ao interagir com o paciente.'),
(1095, 'Evitar frustrar o paciente com exigências além de sua capacidade.'),
(1096, 'Usar gestos e objetos para aumento da compreensão das comunicações verbais.'),
(1097, 'Proporcionar repouso e sono adequados, inclusive um sono rápido durante o dia, quando necessário.'),
(1098, 'Encorajar a família a participar dos cuidados com base nas capacidades, necessidades e desempenho.'),
(1099, 'Monitorar ocorrência de mudanças na orientação, na função cognitiva e comportamental.   '),
(1100, 'Administrar medicações conforme prescrição, se apropriado.'),
(1101, '   Atentar para alteração de SSVV, relacionado a ansiedade.              '),
(1102, 'Avaliar a adaptação do paciente a mudanças na imagem corporal, se indicado.'),
(1103, 'Avaliar a compreensão que o paciente tem do processo de doença.'),
(1104, 'Oferecer informações reais a respeito do diagnóstico, tratamento e prognóstico.'),
(1105, 'Promover situações que encorajem a autonomia do paciente.'),
(1106, 'Encorajar o envolvimento da família, conforme apropriado.     '),
(1107, 'Informar o paciente sobre pessoa, local e tempo, se necessário.'),
(1108, 'Usar um método calmo e lento ao interagir com o paciente.'),
(1109, 'Evitar frustrar o paciente com exigências além de sua capacidade.'),
(1110, 'Usar gestos e objetos para aumento da compreensão das comunicações verbais.'),
(1111, 'Proporcionar repouso e sono adequados, inclusive um sono rápido durante o dia, quando necessário.'),
(1112, 'Encorajar a família a participar dos cuidados com base nas capacidades, necessidades e desempenho.'),
(1113, 'Monitorar ocorrência de mudanças na orientação, na função cognitiva e comportamental.'),
(1114, 'Explicar ao paciente quais mudanças o cuidado da ostomia trará para sua rotina diária.'),
(1115, 'Orientar o paciente sobre mecanismos para reduzir odores da ostomia.'),
(1116, 'Encorajar o paciente/pessoa importante a expressar os sentimentos e as preocupações sobre mudanças na imagem corporal causadas pela ostomia.'),
(1117, 'Explicar ao paciente quais mudanças o cuidado da ostomia trará para sua rotina diária.  '),
(1118, 'Orientar sobre as fases do processo do luto, se adequado.'),
(1119, 'Auxiliar a identificar estratégias pessoais de enfrentamento.'),
(1120, 'Responder às perguntas das crianças/filhos associadas à perda.'),
(1121, 'Reforçar o progresso no processo de luto.     '),
(1122, 'Administrar medicações conforme prescrição, se apropriado. '),
(1123, 'Atentar para alteração de SSVV, relacionado a ansiedade.'),
(1124, 'Proporcionar um ambiente adequado a conversas particulares entre o paciente, a família e os profissionais de cuidados da saúde.  '),
(1125, 'Conversar com o paciente sobre a(s) experiência(s) emocional(is).'),
(1126, 'Investigar com o paciente o que desencadeou as emoções.'),
(1127, 'Fazer declarações de apoio ou empatia.'),
(1128, 'Facilitar a identificação, pelo paciente, do padrão usual de resposta ao enfrentar os medos.'),
(1129, 'Identificar a função da raiva, da frustração e do rancor para o paciente.'),
(1130, 'Encorajar o diálogo ou o choro como formas de reduzir a resposta emocional.'),
(1131, 'Oferecer assistência na tomada de decisão.  '),
(1132, 'Avaliar a compreensão que o paciente tem do processo de doença.'),
(1133, 'Oferecer informações reais a respeito do diagnóstico, tratamento e prognóstico.'),
(1134, 'Promover situações que encorajem a autonomia do paciente.'),
(1135, 'Encorajar o envolvimento da família, conforme apropriado.'),
(1136, 'Usar um método calmo e lento ao interagir com o paciente.'),
(1137, 'Evitar frustrar o paciente com exigências além de sua capacidade.'),
(1138, 'Usar gestos e objetos para aumento da compreensão das comunicações verbais.'),
(1139, 'Proporcionar repouso e sono adequados, inclusive um sono rápido durante o dia, quando necessário.'),
(1140, 'Encorajar a família a participar dos cuidados com base nas capacidades, necessidades e desempenho.   '),
(1141, 'Administrar medicações conforme prescrição, se apropriado.       '),
(1142, 'Atentar para alteração de SSVV, relacionado a ansiedade.  '),
(1143, 'Conversar com o paciente sobre a(s) experiência(s) emocional(is).'),
(1144, 'Investigar com o paciente o que desencadeou as emoções.'),
(1145, 'Fazer declarações de apoio ou empatia.    '),
(1146, 'Facilitar a identificação, pelo paciente, do padrão usual de resposta ao enfrentar os medos.'),
(1147, 'Identificar a função da raiva, da frustração e do rancor para o paciente.'),
(1148, 'Encorajar o diálogo ou o choro como formas de reduzir a resposta emocional.'),
(1149, 'Oferecer assistência na tomada de decisão.   '),
(1150, 'Encaminhar para aconselhamento, conforme apropriado.   '),
(1151, 'Administrar medicações conforme prescrição, se apropriado.    '),
(1152, 'Atentar para alteração de SSVV, relacionado a ansiedade.'),
(1153, 'Proporcionar um ambiente adequado a conversas particulares entre o paciente, a família e os profissionais de cuidados da saúde.    '),
(1154, 'Conversar com o paciente sobre a(s) experiência(s) emocional(is).'),
(1155, 'Investigar com o paciente o que desencadeou as emoções.'),
(1156, 'Fazer declarações de apoio ou empatia.      '),
(1157, 'Facilitar a identificação, pelo paciente, do padrão usual de resposta ao enfrentar os medos.'),
(1158, 'Oferecer apoio durante a fase de negação, raiva, barganha e aceitação do luto.'),
(1159, 'Identificar a função da raiva, da frustração e do rancor para o paciente.'),
(1160, 'Encorajar o diálogo ou o choro como formas de reduzir a resposta emocional.'),
(1161, 'Oferecer assistência na tomada de decisão.        '),
(1162, 'Encaminhar para aconselhamento, conforme apropriado.   '),
(1163, 'Avaliar a adaptação do paciente a mudanças na imagem corporal, se indicado.'),
(1164, 'Avaliar a compreensão que o paciente tem do processo de doença.'),
(1165, 'Oferecer informações reais a respeito do diagnóstico, tratamento e prognóstico.'),
(1166, 'Promover situações que encorajem a autonomia do paciente.'),
(1167, 'Encorajar o envolvimento da família, conforme apropriado.'),
(1168, 'Orientar sobre as fases do processo do luto, se adequado.'),
(1169, 'Auxiliar a identificar estratégias pessoais de enfrentamento.'),
(1170, 'Responder às perguntas das crianças/filhos associadas à perda.'),
(1171, 'Reforçar o progresso no processo de luto.            '),
(1172, 'Administrar medicações conforme prescrição, se apropriado.  '),
(1173, 'Atentar para alteração de SSVV, relacionado a ansiedade.'),
(1174, 'Proporcionar um ambiente adequado a conversas particulares entre o paciente, a família e os profissionais de cuidados da saúde.   '),
(1175, 'Conversar com o paciente sobre a(s) experiência(s) emocional(is).'),
(1176, 'Investigar com o paciente o que desencadeou as emoções.'),
(1177, 'Fazer declarações de apoio ou empatia.                           '),
(1178, 'Facilitar a identificação, pelo paciente, do padrão usual de resposta ao enfrentar os medos.'),
(1179, 'Oferecer apoio durante a fase de negação, raiva, barganha e aceitação do luto.'),
(1180, 'Identificar a função da raiva, da frustração e do rancor para o paciente.'),
(1181, 'Encorajar o diálogo ou o choro como formas de reduzir a resposta emocional.'),
(1182, 'Oferecer assistência na tomada de decisão.           '),
(1183, 'Encaminhar para aconselhamento, conforme apropriado. '),
(1184, 'Avaliar a adaptação do paciente a mudanças na imagem corporal, se indicado.'),
(1186, 'Avaliar a compreensão que o paciente tem do processo de doença.'),
(1187, 'Oferecer informações reais a respeito do diagnóstico, tratamento e prognóstico.'),
(1188, 'Promover situações que encorajem a autonomia do paciente.'),
(1189, 'Encorajar o envolvimento da família, conforme apropriado.'),
(1190, 'Orientar sobre as fases do processo do luto, se adequado.'),
(1191, 'Auxiliar a identificar estratégias pessoais de enfrentamento.'),
(1192, 'Responder às perguntas das crianças/filhos associadas à perda.'),
(1193, 'Reforçar o progresso no processo de luto.      '),
(1194, 'Administrar medicações conforme prescrição, se apropriado.    '),
(1195, 'Atentar para alteração de SSVV, relacionado a ansiedade.'),
(1196, 'Proporcionar um ambiente adequado a conversas particulares entre o paciente, a família e os profissionais de cuidados da saúde.'),
(1197, 'Conversar com o paciente sobre a(s) experiência(s) emocional(is).'),
(1198, 'Investigar com o paciente o que desencadeou as emoções.'),
(1199, 'Fazer declarações de apoio ou empatia.      '),
(1200, 'Facilitar a identificação, pelo paciente, do padrão usual de resposta ao enfrentar os medos.'),
(1201, 'Oferecer apoio durante a fase de negação, raiva, barganha e aceitação do luto.'),
(1202, 'Identificar a função da raiva, da frustração e do rancor para o paciente.'),
(1203, 'Encorajar o diálogo ou o choro como formas de reduzir a resposta emocional.'),
(1206, 'Facilitar a identificação, pelo paciente, do padrão usual de resposta ao enfrentar os medos.'),
(1207, 'Oferecer apoio durante a fase de negação, raiva, barganha e aceitação do luto.'),
(1208, 'Identificar a função da raiva, da frustração e do rancor para o paciente.'),
(1209, 'Encorajar o diálogo ou o choro como formas de reduzir a resposta emocional.'),
(1210, 'Oferecer assistência na tomada de decisão.          '),
(1211, 'Encaminhar para aconselhamento, conforme apropriado.     '),
(1212, 'Avaliar a adaptação do paciente a mudanças na imagem corporal, se indicado.'),
(1213, 'Avaliar a compreensão que o paciente tem do processo de doença.'),
(1214, 'Oferecer informações reais a respeito do diagnóstico, tratamento e prognóstico.'),
(1215, 'Promover situações que encorajem a autonomia do paciente.'),
(1216, 'Encorajar o envolvimento da família, conforme apropriado.'),
(1217, 'Orientar sobre as fases do processo do luto, se adequado.'),
(1218, 'Auxiliar a identificar estratégias pessoais de enfrentamento.'),
(1219, 'Responder às perguntas das crianças/filhos associadas à perda.'),
(1220, 'Reforçar o progresso no processo de luto.               '),
(1221, 'Administrar medicações conforme prescrição, se apropriado.   '),
(1222, 'Atentar para alteração de SSVV, relacionado a ansiedade.'),
(1223, 'Conversar com o paciente sobre a(s) experiência(s) emocional(is).'),
(1224, 'Investigar com o paciente o que desencadeou as emoções.'),
(1225, 'Fazer declarações de apoio ou empatia.  Facilitar a identificação, pelo paciente, do padrão usual de resposta ao enfrentar os medos.'),
(1226, 'Oferecer apoio durante a fase de negação, raiva, barganha e aceitação do luto.'),
(1227, 'Identificar a função da raiva, da frustração e do rancor para o paciente.'),
(1228, 'Encorajar o diálogo ou o choro como formas de reduzir a resposta emocional.'),
(1229, 'Oferecer assistência na tomada de decisão.      '),
(1230, 'Encaminhar para aconselhamento, conforme apropriado.     '),
(1231, 'Auxiliar a identificar estratégias pessoais de enfrentamento.');
INSERT INTO `prescricao` (`IdPrescricao`, `Descricao`) VALUES
(1232, 'Responder às perguntas das crianças/filhos associadas à perda.'),
(1233, 'Reforçar o progresso no processo de luto.'),
(1234, 'Fazer declarações de apoio ou empatia.   '),
(1235, 'Facilitar a identificação, pelo paciente, do padrão usual de resposta ao enfrentar os medos.'),
(1236, 'Proporcionar um ambiente adequado a conversas particulares entre o paciente, a família e os profissionais de cuidados da saúde. '),
(1237, 'Conversar com o paciente sobre a(s) experiência(s) emocional(is).'),
(1238, 'Investigar com o paciente o que desencadeou as emoções.'),
(1239, 'Fazer declarações de apoio ou empatia. '),
(1240, 'Facilitar a identificação, pelo paciente, do padrão usual de resposta ao enfrentar os medos.'),
(1241, 'Oferecer apoio durante a fase de negação, raiva, barganha e aceitação do luto.'),
(1242, 'Identificar a função da raiva, da frustração e do rancor para o paciente.'),
(1243, 'Encorajar o diálogo ou o choro como formas de reduzir a resposta emocional.'),
(1244, 'Oferecer assistência na tomada de decisão.    '),
(1245, 'Encaminhar para aconselhamento, conforme apropriado.    '),
(1246, 'Avaliar a adaptação do paciente a mudanças na imagem corporal, se indicado.'),
(1247, 'Avaliar a compreensão que o paciente tem do processo de doença.'),
(1248, 'Oferecer informações reais a respeito do diagnóstico, tratamento e prognóstico.'),
(1249, 'Promover situações que encorajem a autonomia do paciente.'),
(1250, 'Encorajar o envolvimento da família, conforme apropriado.  '),
(1251, 'Limitar o acesso a situações frustrantes até que o paciente consiga expressar a raiva de maneira adequada.'),
(1252, 'Encorajar o paciente a buscar ajuda de profissionais da enfermagem ou de pessoas responsáveis em períodos de maior tensão.'),
(1253, 'Monitorar o potencial para agressão inadequada e intervir antes de sua manifestação.'),
(1254, 'Prevenir lesão física caso a raiva esteja direcionada a si ou a outros (p. ex., imobilizar e retirar armas potenciais).'),
(1255, 'Oferecer medicamentos, conforme apropriado.'),
(1256, 'Conversar com o paciente sobre a(s) experiência(s) emocional(is).'),
(1257, 'Investigar com o paciente o que desencadeou as emoções.'),
(1258, 'Fazer declarações de apoio ou empatia.         '),
(1259, 'Facilitar a identificação, pelo paciente, do padrão usual de resposta.'),
(1260, 'Oferecer apoio durante a fase de negação, raiva e barganha.'),
(1261, 'Identificar a função da raiva, da frustração e do rancor para o paciente.'),
(1262, 'Encorajar o diálogo ou o choro como formas de reduzir a resposta emocional.'),
(1263, 'Oferecer assistência na tomada de decisão.     '),
(1264, 'Encaminhar para aconselhamento, conforme apropriado.        '),
(1265, 'Avaliar a adaptação do paciente a mudanças na imagem corporal, se indicado.'),
(1266, 'Avaliar a compreensão que o paciente tem do processo de doença.'),
(1267, 'Oferecer informações reais a respeito do diagnóstico, tratamento e prognóstico.'),
(1268, 'Promover situações que encorajem a autonomia do paciente.'),
(1269, 'Encorajar o envolvimento da família, conforme apropriado. '),
(1270, 'Conversar com o paciente sobre a(s) experiência(s) emocional(is).'),
(1271, 'Investigar com o paciente o que desencadeou as emoções.'),
(1272, 'Fazer declarações de apoio ou empatia.    '),
(1273, 'Facilitar a identificação, pelo paciente, do padrão usual de resposta.'),
(1274, 'Oferecer apoio durante a fase de negação, raiva e barganha.'),
(1275, 'Identificar a função da raiva, da frustração e do rancor para o paciente.'),
(1276, 'Encorajar o diálogo ou o choro como formas de reduzir a resposta emocional.'),
(1277, 'Oferecer assistência na tomada de decisão. '),
(1278, 'Encaminhar para aconselhamento, conforme apropriado.  '),
(1279, 'Avaliar a adaptação do paciente a mudanças na imagem corporal, se indicado.'),
(1280, 'Avaliar a compreensão que o paciente tem do processo de doença.'),
(1281, 'Oferecer informações reais a respeito do diagnóstico, tratamento e prognóstico.'),
(1282, 'Promover situações que encorajem a autonomia do paciente.'),
(1283, 'Encorajar o envolvimento da família, conforme apropriado. '),
(1284, 'Conversar com o paciente sobre a(s) experiência(s) emocional(is).'),
(1285, 'Investigar com o paciente o que desencadeou as emoções.'),
(1286, 'Fazer declarações de apoio ou empatia.     '),
(1287, 'Facilitar a identificação, pelo paciente, do padrão usual de resposta ao enfrentar os medos.'),
(1288, 'Oferecer apoio durante a fase de negação, raiva, barganha e aceitação do luto.'),
(1289, 'Identificar a função da raiva, da frustração e do rancor para o paciente.'),
(1290, 'Encorajar o diálogo ou o choro como formas de reduzir a resposta emocional.'),
(1291, 'Oferecer assistência na tomada de decisão.      '),
(1292, 'Administrar medicações conforme prescrição, se apropriado.         '),
(1293, 'Encaminhar para aconselhamento, conforme apropriado.'),
(1294, 'Atentar para nível de consciência ou estado de sedação.   '),
(1295, 'Manter cabeceira 30°, exceto se contra indicado. '),
(1296, 'Manter cabeça alinhada.    '),
(1297, 'Evitar compreensão de jugular (fixação de TOT, curativos compressivos).     '),
(1298, 'Monitorar PIC, manter < 20 mmHg.    '),
(1299, 'Interromper procedimentos que aumentem a PIC.   '),
(1300, 'Monitorar PFC, manter > 60 mmHg.   '),
(1301, 'Monitorar PAM, manter valor ideal que permita PFC > 60 mmHg.                    '),
(1302, 'Atentar para temperatura corporal, manter < 37,5°C.          '),
(1303, 'Administrar medicações conforme prescrição, se  apropriado.                '),
(1304, 'Administrar medicação anti hipertensiva  conforme prescrição, se apropriado.     '),
(1305, 'Aliviar pontos de pressão na pele.   '),
(1306, 'Manter cabeceira > 45°, ou sentar o paciente.         '),
(1307, 'Monitorar os sinais e sintomas da DA.    '),
(1308, 'Monitorar os SSVV,  e comunicar alterações. '),
(1309, 'Realizar cateterismo vesical, quando apropriado.'),
(1310, 'Realizar mudança de decúbito, conforme apropriado.     '),
(1311, 'Tratar o estímulo causado da DA.'),
(1312, 'Realizar cateterismo vesical, quando apropriado. '),
(1313, 'Avaliar o paciente e cuidador no cuidado e manejo de técnicas de prevenção de DA. '),
(1314, 'Avaliar os sinais e sintomas de infecção urinária.    '),
(1315, 'Manter pele hidratada e livre de umidade.  '),
(1316, 'Realizar mudança de decúbito.   '),
(1317, 'Orientar o paciente e cuidador a identificar as causas sinais e sintomas, medidas de prevenção e controle de DA.   '),
(1318, 'Capacitar e supervisionar o programa de reeducação vesical e intestinal.  '),
(1319, 'Monitorar as condições de eliminação urinária e intestinal do paciente.          '),
(1320, 'Promover ações para minimizar os estímulos nocivos capazes de precipitar a DA.  '),
(1321, 'Manter pele hidratada e livre de umidade.   ');

-- --------------------------------------------------------

--
-- Estrutura para tabela `questao`
--

CREATE TABLE `questao` (
  `IdQuestao` int(11) NOT NULL,
  `IdTipoQuestao` tinyint(4) NOT NULL,
  `Descricao` varchar(300) NOT NULL,
  `PossuiOutro` char(1) NOT NULL
) ENGINE=InnoDB DEFAULT CHARSET=latin1;

--
-- Despejando dados para a tabela `questao`
--

INSERT INTO `questao` (`IdQuestao`, `IdTipoQuestao`, `Descricao`, `PossuiOutro`) VALUES
(6, 3, 'Nível de consciência', 'N'),
(7, 3, 'Sistema Respiratório', 'N'),
(8, 3, 'Escala de coma de Glasgow', 'N'),
(13, 1, 'Nome da mãe', 'N'),
(14, 1, 'Número de Gestações', 'N'),
(15, 1, 'Aborto', 'N'),
(16, 1, 'Filhos vivos', 'N'),
(17, 4, 'Data de Nascimento do RN', 'N'),
(18, 2, 'Sexo', 'N'),
(19, 1, 'Peso', 'N'),
(20, 1, 'questaoAberta', 'N'),
(22, 2, 'TesteUnica2', 'N'),
(23, 1, 'Idade Materna', 'N'),
(24, 2, 'Atividade', 'N'),
(25, 3, 'Reflexos', 'N'),
(26, 2, 'Crânio', 'N'),
(27, 2, 'Fontanelas', 'N'),
(28, 2, 'Dispneia', 'N'),
(30, 2, 'Deformidades', 'N'),
(31, 2, 'Tiragem Intercostal', 'N'),
(32, 2, 'Retração Xifóide', 'N'),
(33, 2, 'Batimento de Aleta Nasal', 'N'),
(34, 2, 'Gemido Expiratório', 'N'),
(35, 2, 'Tosse', 'N'),
(36, 2, 'Enfisema Subcutâneo', 'N'),
(37, 1, 'Secreção', 'N'),
(38, 1, 'Imagem Radiológica', 'N'),
(39, 2, 'Extremidades', 'N'),
(40, 2, 'Bulhas', 'N'),
(41, 1, 'Observação', 'N'),
(43, 2, 'Coto Umbilical', 'N'),
(44, 2, 'Presença de cateter umbilical', 'N'),
(45, 4, 'Data da inserção', 'N'),
(46, 4, 'Data do curativo', 'N'),
(47, 1, 'Outro', 'N'),
(48, 3, 'Abdome', 'N'),
(49, 2, 'Hepatomegalia', 'N'),
(50, 2, 'Esplenomegalia', 'N'),
(51, 2, 'Mecônio', 'N'),
(52, 1, 'Coluna', 'N'),
(53, 2, 'Manobra de Ortoloni', 'N'),
(54, 1, 'Pé Torto', 'N'),
(55, 1, 'Sindactilia em', 'N'),
(56, 1, 'Polidactilia em', 'N'),
(57, 1, 'Fraturas', 'N'),
(58, 1, 'Luxações', 'N'),
(59, 2, 'Íntegros', 'N'),
(60, 1, 'Alterações', 'N'),
(61, 2, 'Urina', 'N'),
(62, 1, 'Volume urinário nas últimas 24h em ml', 'N'),
(63, 3, 'Pele e mucosas', 'N'),
(64, 1, 'Descrição', 'N'),
(67, 1, 'Vacina e Data', 'N'),
(68, 1, 'Amostras de teste do pezinho', 'N'),
(69, 1, 'Resultados teste do pezinho', 'N'),
(70, 1, 'Doença Prévia', 'N'),
(71, 1, 'Tamanho', 'N'),
(72, 1, 'Nome do RN', 'N'),
(73, 1, 'Cor', 'N'),
(74, 1, 'Apgar 1º minuto', 'N'),
(75, 1, 'Apgar 5º minuto', 'N'),
(76, 2, 'Reanimação na sala de Parto', 'N'),
(77, 2, 'Pediatra na Sala de Parto', 'N'),
(78, 2, 'Pediatra no Transporte', 'N'),
(79, 1, 'Procedência', 'N'),
(80, 1, 'Diagnóstico', 'N'),
(81, 1, 'Motivo da Admissão - HDA', 'N'),
(82, 2, 'Contexto Infeccioso', 'N'),
(83, 2, 'Pré Natal', 'N'),
(84, 1, 'Pré Natal numero de consultas', 'N'),
(85, 1, 'Uso de Medicações', 'N'),
(86, 1, 'FC', 'N'),
(87, 1, 'FR', 'N'),
(88, 1, 'SpO2', 'N'),
(89, 1, 'T', 'N'),
(90, 1, 'Glicemia', 'N'),
(91, 1, 'CRIB', 'N'),
(93, 2, 'Expressão Facial de dor', 'N'),
(94, 3, 'Choro', 'N'),
(95, 3, 'Olhos', 'N'),
(96, 1, 'Pupilas', 'N'),
(97, 2, 'Inserção da orelha', 'N'),
(98, 2, 'Lóbulo', 'N'),
(99, 3, 'Boca', 'N'),
(100, 3, 'Pescoço', 'N'),
(101, 3, 'Ausculta pulmonar', 'N'),
(103, 2, 'Ventilação', 'N'),
(104, 1, 'Modo Ventilatório', 'N'),
(105, 1, 'FiO2', 'N'),
(106, 1, 'PEEP', 'N'),
(107, 1, 'Altura fixação TOT', 'N'),
(108, 1, 'Fluxo', 'N'),
(109, 3, 'Nutrição', 'N'),
(110, 1, 'Doença Prévia', 'N'),
(111, 1, 'Uso de Medicações', 'N'),
(112, 1, 'Peso', 'N'),
(113, 1, 'Diagnóstico médico', 'N'),
(114, 1, 'Glasgow', 'N'),
(115, 1, 'Ramsay', 'N'),
(116, 3, 'Nível de consciência', 'N'),
(117, 1, 'Dor', 'N'),
(118, 3, 'Ausculta pulmonar', 'N'),
(119, 1, 'Deformidade tórax', 'N'),
(120, 3, 'Ventilação', 'N'),
(121, 1, 'Modo Ventilatório', 'N'),
(122, 1, 'FiO2', 'N'),
(123, 1, 'PEEP', 'N'),
(125, 3, 'Circulação', 'N'),
(126, 3, 'Rede Venosa', 'N'),
(127, 3, 'Características da pele', 'N'),
(129, 3, 'Queimadura', 'N'),
(130, 3, 'Lesão por pressão', 'N'),
(131, 3, 'Exame físico do abdome', 'N'),
(132, 3, 'Dieta', 'N'),
(133, 3, 'Eliminação intestinal', 'N'),
(134, 3, 'Urina', 'N'),
(135, 2, 'Eliminação urinária', 'N'),
(136, 3, 'Ânus', 'N'),
(137, 2, 'Ostomia', 'N'),
(138, 1, 'Dreno', 'N'),
(139, 3, 'Ausculta Cardíaca', 'N');

-- --------------------------------------------------------

--
-- Estrutura para tabela `questaoafirmativa`
--

CREATE TABLE `questaoafirmativa` (
  `IdAfirmativa` int(11) NOT NULL,
  `IdQuestao` int(11) NOT NULL
) ENGINE=InnoDB DEFAULT CHARSET=latin1;

--
-- Despejando dados para a tabela `questaoafirmativa`
--

INSERT INTO `questaoafirmativa` (`IdAfirmativa`, `IdQuestao`) VALUES
(2, 120),
(4, 8),
(5, 6),
(5, 8),
(6, 8),
(6, 22),
(7, 18),
(8, 18),
(9, 24),
(10, 24),
(11, 25),
(12, 25),
(13, 25),
(14, 25),
(15, 25),
(16, 25),
(17, 25),
(18, 26),
(19, 26),
(20, 26),
(21, 26),
(22, 26),
(23, 26),
(24, 26),
(25, 27),
(26, 27),
(27, 27),
(28, 28),
(28, 30),
(28, 31),
(28, 32),
(28, 33),
(28, 34),
(28, 35),
(28, 36),
(28, 44),
(28, 49),
(28, 50),
(28, 59),
(28, 76),
(28, 77),
(28, 78),
(28, 82),
(28, 83),
(29, 28),
(29, 30),
(29, 31),
(29, 32),
(29, 33),
(29, 34),
(29, 35),
(29, 36),
(29, 44),
(29, 49),
(29, 50),
(29, 59),
(29, 76),
(29, 77),
(29, 78),
(29, 82),
(29, 83),
(30, 39),
(31, 39),
(32, 39),
(33, 39),
(34, 39),
(35, 40),
(36, 40),
(37, 40),
(38, 43),
(39, 43),
(40, 48),
(41, 48),
(42, 48),
(43, 48),
(44, 48),
(45, 48),
(46, 48),
(47, 48),
(48, 51),
(49, 51),
(50, 51),
(50, 61),
(50, 129),
(50, 130),
(51, 53),
(52, 53),
(53, 61),
(54, 61),
(55, 63),
(56, 63),
(57, 63),
(58, 63),
(59, 63),
(60, 63),
(61, 63),
(62, 63),
(63, 63),
(64, 63),
(65, 93),
(66, 93),
(67, 94),
(68, 94),
(69, 94),
(70, 95),
(70, 99),
(72, 95),
(72, 99),
(73, 95),
(74, 95),
(75, 95),
(76, 95),
(77, 97),
(78, 97),
(79, 97),
(80, 98),
(81, 98),
(82, 99),
(83, 99),
(84, 99),
(85, 100),
(86, 100),
(87, 100),
(89, 101),
(89, 118),
(90, 101),
(90, 118),
(91, 101),
(91, 118),
(92, 101),
(93, 101),
(94, 101),
(95, 103),
(95, 120),
(96, 103),
(97, 103),
(98, 103),
(99, 103),
(100, 103),
(101, 109),
(102, 109),
(103, 109),
(105, 109),
(106, 109),
(107, 116),
(108, 116),
(109, 116),
(110, 116),
(111, 116),
(112, 6),
(113, 118),
(114, 118),
(115, 118),
(117, 120),
(118, 120),
(119, 120),
(120, 120),
(127, 125),
(129, 125),
(132, 125),
(136, 125),
(137, 125),
(138, 125),
(139, 125),
(140, 125),
(141, 125),
(142, 125),
(143, 126),
(144, 126),
(145, 126),
(146, 126),
(147, 126),
(148, 126),
(149, 126),
(150, 126),
(152, 126),
(153, 126),
(154, 127),
(155, 127),
(156, 127),
(157, 127),
(158, 127),
(159, 127),
(160, 127),
(161, 127),
(162, 127),
(163, 127),
(165, 129),
(166, 129),
(167, 129),
(168, 129),
(169, 129),
(170, 129),
(171, 129),
(172, 129),
(173, 129),
(174, 129),
(175, 129),
(183, 130),
(184, 130),
(185, 130),
(186, 130),
(187, 130),
(188, 130),
(189, 130),
(190, 130),
(191, 130),
(192, 130),
(193, 131),
(194, 131),
(195, 131),
(196, 131),
(197, 131),
(198, 131),
(199, 131),
(201, 131),
(202, 131),
(203, 131),
(204, 131),
(205, 131),
(206, 131),
(207, 131),
(208, 132),
(209, 132),
(210, 132),
(211, 132),
(212, 132),
(213, 132),
(214, 132),
(215, 132),
(216, 132),
(217, 133),
(218, 133),
(219, 133),
(220, 133),
(221, 133),
(222, 133),
(223, 133),
(224, 134),
(225, 134),
(226, 134),
(227, 134),
(228, 134),
(229, 134),
(230, 135),
(231, 135),
(232, 135),
(233, 135),
(234, 135),
(235, 135),
(236, 136),
(237, 136),
(238, 136),
(239, 136),
(240, 137),
(241, 137),
(242, 126),
(243, 139),
(244, 139),
(245, 139),
(246, 139),
(247, 139),
(248, 139),
(249, 139);

-- --------------------------------------------------------

--
-- Estrutura para tabela `questionario`
--

CREATE TABLE `questionario` (
  `IdQuestionario` int(11) NOT NULL,
  `IdFormulario` int(11) NOT NULL,
  `IdPaciente` int(11) NOT NULL,
  `DataRealizado` date NOT NULL,
  `IdFuncionario` int(11) NOT NULL,
  `Inativo` tinyint(1) NOT NULL
) ENGINE=InnoDB DEFAULT CHARSET=latin1 COLLATE=latin1_general_ci;

--
-- Despejando dados para a tabela `questionario`
--

INSERT INTO `questionario` (`IdQuestionario`, `IdFormulario`, `IdPaciente`, `DataRealizado`, `IdFuncionario`, `Inativo`) VALUES
(1, 13, 36, '2019-06-21', 21, 0),
(2, 10, 36, '2019-06-21', 21, 0),
(3, 13, 37, '2019-06-21', 21, 0),
(4, 10, 36, '2019-06-21', 21, 0),
(5, 14, 19, '2019-06-22', 21, 0),
(6, 14, 40, '2019-06-22', 21, 0),
(7, 14, 40, '2019-06-22', 21, 0),
(8, 13, 40, '2019-06-22', 21, 0),
(9, 10, 43, '2019-06-22', 21, 0),
(10, 10, 43, '2019-06-22', 21, 0),
(11, 10, 43, '2019-06-22', 21, 0),
(12, 10, 43, '2019-06-22', 21, 0),
(13, 10, 43, '2019-06-22', 21, 0),
(14, 15, 44, '2019-07-02', 21, 0),
(15, 15, 44, '2019-07-02', 21, 0),
(16, 12, 44, '2019-07-02', 21, 0),
(17, 12, 1, '2019-07-09', 21, 0),
(18, 12, 1, '2019-07-09', 21, 0),
(19, 14, 45, '2019-07-09', 21, 0),
(20, 14, 45, '2019-07-09', 21, 0),
(21, 12, 1, '2019-07-10', 21, 0),
(22, 12, 1, '2019-07-10', 21, 1);

-- --------------------------------------------------------

--
-- Estrutura para tabela `questionariodiagpresc`
--

CREATE TABLE `questionariodiagpresc` (
  `IdQuestionarioDiagPresc` int(11) NOT NULL,
  `DataRealizado` date NOT NULL,
  `IdPaciente` int(11) NOT NULL,
  `IdFuncionario` int(11) NOT NULL,
  `IdQuestionario` int(11) NOT NULL,
  `Evolucao` varchar(300) NOT NULL
) ENGINE=InnoDB DEFAULT CHARSET=latin1;

--
-- Despejando dados para a tabela `questionariodiagpresc`
--

INSERT INTO `questionariodiagpresc` (`IdQuestionarioDiagPresc`, `DataRealizado`, `IdPaciente`, `IdFuncionario`, `IdQuestionario`, `Evolucao`) VALUES
(1, '2019-06-21', 36, 21, 2, ''),
(2, '2019-06-21', 36, 21, 4, ''),
(3, '2019-06-21', 36, 21, 4, ''),
(4, '2019-06-22', 43, 21, 12, ''),
(5, '2019-06-22', 43, 21, 13, ''),
(6, '2019-07-02', 44, 21, 16, ''),
(7, '2019-07-02', 44, 21, 16, ''),
(8, '2019-07-09', 1, 21, 18, ''),
(9, '2019-07-09', 1, 21, 17, ''),
(10, '2019-07-09', 43, 21, 13, ''),
(11, '2019-07-10', 1, 21, 21, 'teste');

-- --------------------------------------------------------

--
-- Estrutura para tabela `resposta`
--

CREATE TABLE `resposta` (
  `IdResposta` int(11) NOT NULL,
  `IdQuestionario` int(11) NOT NULL,
  `IdQuestao` int(11) NOT NULL,
  `IdAplicacao` int(11) NOT NULL,
  `IdAvaliacao` int(11) NOT NULL
) ENGINE=InnoDB DEFAULT CHARSET=latin1 COLLATE=latin1_general_ci;

--
-- Despejando dados para a tabela `resposta`
--

INSERT INTO `resposta` (`IdResposta`, `IdQuestionario`, `IdQuestao`, `IdAplicacao`, `IdAvaliacao`) VALUES
(1, 1, 13, 10, 22),
(2, 1, 14, 10, 22),
(3, 1, 15, 10, 22),
(4, 1, 16, 10, 22),
(5, 1, 17, 10, 22),
(6, 1, 18, 10, 22),
(7, 1, 19, 10, 22),
(8, 1, 23, 10, 22),
(9, 2, 43, 18, 29),
(10, 2, 44, 18, 29),
(11, 2, 45, 18, 29),
(12, 2, 46, 18, 29),
(13, 2, 47, 18, 29),
(14, 2, 48, 18, 29),
(15, 2, 49, 18, 29),
(16, 2, 50, 18, 29),
(17, 2, 51, 18, 29),
(18, 2, 39, 17, 28),
(19, 2, 40, 17, 28),
(20, 2, 41, 17, 28),
(21, 2, 52, 19, 30),
(22, 2, 53, 19, 30),
(23, 2, 54, 19, 30),
(24, 2, 55, 19, 30),
(25, 2, 56, 19, 30),
(26, 2, 57, 19, 30),
(27, 2, 58, 19, 30),
(28, 2, 24, 15, 26),
(29, 2, 25, 15, 26),
(30, 2, 26, 15, 26),
(31, 2, 27, 15, 26),
(32, 2, 28, 16, 27),
(33, 2, 30, 16, 27),
(34, 2, 31, 16, 27),
(35, 2, 32, 16, 27),
(36, 2, 33, 16, 27),
(37, 2, 34, 16, 27),
(38, 2, 35, 16, 27),
(39, 2, 36, 16, 27),
(40, 2, 37, 16, 27),
(41, 2, 38, 16, 27),
(42, 2, 59, 20, 31),
(43, 2, 60, 20, 31),
(44, 2, 61, 20, 31),
(45, 2, 62, 20, 31),
(46, 2, 67, 22, 33),
(47, 2, 68, 22, 33),
(48, 2, 69, 22, 33),
(49, 2, 64, 23, 34),
(50, 2, 47, 21, 32),
(51, 2, 63, 21, 32),
(52, 3, 13, 10, 22),
(53, 3, 14, 10, 22),
(54, 3, 15, 10, 22),
(55, 3, 16, 10, 22),
(56, 3, 17, 10, 22),
(57, 3, 18, 10, 22),
(58, 3, 19, 10, 22),
(59, 3, 23, 10, 22),
(60, 4, 43, 18, 29),
(61, 4, 44, 18, 29),
(62, 4, 45, 18, 29),
(63, 4, 46, 18, 29),
(64, 4, 47, 18, 29),
(65, 4, 48, 18, 29),
(66, 4, 49, 18, 29),
(67, 4, 50, 18, 29),
(68, 4, 51, 18, 29),
(69, 4, 39, 17, 28),
(70, 4, 40, 17, 28),
(71, 4, 41, 17, 28),
(72, 4, 52, 19, 30),
(73, 4, 53, 19, 30),
(74, 4, 54, 19, 30),
(75, 4, 55, 19, 30),
(76, 4, 56, 19, 30),
(77, 4, 57, 19, 30),
(78, 4, 58, 19, 30),
(79, 4, 24, 15, 26),
(80, 4, 25, 15, 26),
(81, 4, 26, 15, 26),
(82, 4, 27, 15, 26),
(83, 4, 28, 16, 27),
(84, 4, 30, 16, 27),
(85, 4, 31, 16, 27),
(86, 4, 32, 16, 27),
(87, 4, 33, 16, 27),
(88, 4, 34, 16, 27),
(89, 4, 35, 16, 27),
(90, 4, 36, 16, 27),
(91, 4, 37, 16, 27),
(92, 4, 38, 16, 27),
(93, 4, 59, 20, 31),
(94, 4, 60, 20, 31),
(95, 4, 61, 20, 31),
(96, 4, 62, 20, 31),
(97, 4, 67, 22, 33),
(98, 4, 68, 22, 33),
(99, 4, 69, 22, 33),
(100, 4, 64, 23, 34),
(101, 4, 47, 21, 32),
(102, 4, 63, 21, 32),
(103, 8, 13, 10, 22),
(104, 8, 14, 10, 22),
(105, 8, 15, 10, 22),
(106, 8, 16, 10, 22),
(107, 8, 17, 10, 22),
(108, 8, 18, 10, 22),
(109, 8, 19, 10, 22),
(110, 8, 23, 10, 22),
(111, 9, 43, 18, 29),
(112, 9, 44, 18, 29),
(113, 9, 45, 18, 29),
(114, 9, 46, 18, 29),
(115, 9, 47, 18, 29),
(116, 9, 48, 18, 29),
(117, 9, 49, 18, 29),
(118, 9, 50, 18, 29),
(119, 9, 51, 18, 29),
(120, 9, 39, 17, 28),
(121, 10, 43, 18, 29),
(122, 11, 43, 18, 29),
(123, 12, 43, 18, 29),
(124, 12, 44, 18, 29),
(125, 12, 45, 18, 29),
(126, 12, 46, 18, 29),
(127, 12, 47, 18, 29),
(128, 12, 48, 18, 29),
(129, 12, 49, 18, 29),
(130, 12, 50, 18, 29),
(131, 12, 51, 18, 29),
(132, 12, 39, 17, 28),
(133, 12, 40, 17, 28),
(134, 12, 41, 17, 28),
(135, 12, 52, 19, 30),
(136, 12, 53, 19, 30),
(137, 12, 54, 19, 30),
(138, 12, 55, 19, 30),
(139, 12, 56, 19, 30),
(140, 12, 57, 19, 30),
(141, 12, 58, 19, 30),
(142, 12, 24, 15, 26),
(143, 12, 25, 15, 26),
(144, 12, 26, 15, 26),
(145, 12, 27, 15, 26),
(146, 12, 28, 16, 27),
(147, 12, 30, 16, 27),
(148, 12, 31, 16, 27),
(149, 12, 32, 16, 27),
(150, 12, 33, 16, 27),
(151, 12, 34, 16, 27),
(152, 12, 35, 16, 27),
(153, 12, 36, 16, 27),
(154, 12, 37, 16, 27),
(155, 12, 38, 16, 27),
(156, 12, 59, 20, 31),
(157, 12, 60, 20, 31),
(158, 12, 61, 20, 31),
(159, 12, 62, 20, 31),
(160, 12, 67, 22, 33),
(161, 12, 68, 22, 33),
(162, 12, 69, 22, 33),
(163, 12, 64, 23, 34),
(164, 12, 47, 21, 32),
(165, 12, 63, 21, 32),
(166, 13, 43, 18, 29),
(167, 13, 44, 18, 29),
(168, 13, 45, 18, 29),
(169, 13, 46, 18, 29),
(170, 13, 47, 18, 29),
(171, 13, 48, 18, 29),
(172, 13, 49, 18, 29),
(173, 13, 50, 18, 29),
(174, 13, 51, 18, 29),
(175, 13, 39, 17, 28),
(176, 13, 40, 17, 28),
(177, 13, 41, 17, 28),
(178, 13, 52, 19, 30),
(179, 13, 53, 19, 30),
(180, 13, 54, 19, 30),
(181, 13, 55, 19, 30),
(182, 13, 56, 19, 30),
(183, 13, 57, 19, 30),
(184, 13, 58, 19, 30),
(185, 13, 24, 15, 26),
(186, 13, 25, 15, 26),
(187, 13, 26, 15, 26),
(188, 13, 27, 15, 26),
(189, 13, 28, 16, 27),
(190, 13, 30, 16, 27),
(191, 13, 31, 16, 27),
(192, 13, 32, 16, 27),
(193, 13, 33, 16, 27),
(194, 13, 34, 16, 27),
(195, 13, 35, 16, 27),
(196, 13, 36, 16, 27),
(197, 13, 37, 16, 27),
(198, 13, 38, 16, 27),
(199, 13, 59, 20, 31),
(200, 13, 60, 20, 31),
(201, 13, 61, 20, 31),
(202, 13, 62, 20, 31),
(203, 13, 67, 22, 33),
(204, 13, 68, 22, 33),
(205, 13, 69, 22, 33),
(206, 13, 64, 23, 34),
(207, 13, 47, 21, 32),
(208, 13, 63, 21, 32),
(209, 14, 110, 29, 37),
(210, 14, 111, 29, 37),
(211, 14, 112, 29, 37),
(212, 14, 113, 29, 37),
(213, 15, 110, 29, 37),
(214, 15, 111, 29, 37),
(215, 15, 112, 29, 37),
(216, 15, 113, 29, 37),
(217, 16, 125, 31, 40),
(218, 16, 139, 31, 40),
(219, 16, 114, 30, 38),
(220, 16, 115, 30, 38),
(221, 16, 116, 30, 38),
(222, 16, 117, 30, 38),
(223, 16, 131, 33, 42),
(224, 16, 132, 33, 42),
(225, 16, 118, 32, 41),
(226, 16, 119, 32, 41),
(227, 16, 120, 32, 41),
(228, 16, 121, 32, 41),
(229, 16, 122, 32, 41),
(230, 16, 123, 32, 41),
(231, 16, 133, 35, 44),
(232, 16, 134, 35, 44),
(233, 16, 135, 35, 44),
(234, 16, 136, 35, 44),
(235, 16, 137, 35, 44),
(236, 16, 125, 36, 43),
(237, 16, 126, 36, 43),
(238, 16, 127, 36, 43),
(239, 16, 129, 36, 43),
(240, 16, 130, 36, 43),
(241, 16, 138, 36, 43),
(242, 17, 114, 30, 38),
(243, 17, 115, 30, 38),
(244, 17, 117, 30, 38),
(245, 17, 119, 32, 41),
(246, 17, 121, 32, 41),
(247, 17, 122, 32, 41),
(248, 17, 123, 32, 41),
(249, 17, 135, 35, 44),
(250, 17, 137, 35, 44),
(251, 17, 64, 37, 54),
(252, 17, 138, 36, 43),
(253, 18, 125, 31, 40),
(254, 18, 114, 30, 38),
(255, 18, 115, 30, 38),
(256, 18, 117, 30, 38),
(257, 18, 119, 32, 41),
(258, 18, 121, 32, 41),
(259, 18, 122, 32, 41),
(260, 18, 123, 32, 41),
(261, 18, 135, 35, 44),
(262, 18, 137, 35, 44),
(263, 18, 64, 37, 54),
(264, 18, 138, 36, 43),
(265, 21, 139, 31, 40),
(266, 21, 114, 30, 38),
(267, 21, 115, 30, 38),
(268, 21, 117, 30, 38),
(269, 21, 119, 32, 41),
(270, 21, 121, 32, 41),
(271, 21, 122, 32, 41),
(272, 21, 123, 32, 41),
(273, 21, 135, 35, 44),
(274, 21, 137, 35, 44),
(275, 21, 64, 37, 54),
(276, 21, 138, 36, 43),
(277, 22, 114, 30, 38),
(278, 22, 115, 30, 38),
(279, 22, 117, 30, 38),
(280, 22, 119, 32, 41),
(281, 22, 121, 32, 41),
(282, 22, 122, 32, 41),
(283, 22, 123, 32, 41),
(284, 22, 135, 35, 44),
(285, 22, 137, 35, 44),
(286, 22, 64, 37, 54),
(287, 22, 138, 36, 43);

-- --------------------------------------------------------

--
-- Estrutura para tabela `respostaaberta`
--

CREATE TABLE `respostaaberta` (
  `IdRespostaAberta` int(11) NOT NULL,
  `DescricaoRespostaAberta` varchar(300) COLLATE latin1_general_ci NOT NULL,
  `IdResposta` int(11) NOT NULL
) ENGINE=InnoDB DEFAULT CHARSET=latin1 COLLATE=latin1_general_ci;

--
-- Despejando dados para a tabela `respostaaberta`
--

INSERT INTO `respostaaberta` (`IdRespostaAberta`, `DescricaoRespostaAberta`, `IdResposta`) VALUES
(1, 'Luciana', 1),
(2, '2', 2),
(3, '0', 3),
(4, '2', 4),
(5, '2019-06-20', 5),
(6, '5,2', 7),
(7, '25', 8),
(8, '2019-06-13', 11),
(9, '2019-06-20', 12),
(10, 'Ausente', 13),
(11, 'cardio forte', 20),
(12, 'Forte', 21),
(13, 'Esquerda', 23),
(14, 'Ausente', 24),
(15, 'Presente', 25),
(16, 'Ausente', 26),
(17, 'Ausente', 27),
(18, 'ausente', 40),
(19, 'ausente', 41),
(20, 'Ausente', 43),
(21, '256', 45),
(22, 'hepatite b 25/06', 46),
(23, 'amostra regular', 47),
(24, 'teste satisfatorio', 48),
(25, 'Ausente', 49),
(26, 'Boas', 50),
(27, 'ana', 52),
(28, '2', 53),
(29, '0', 54),
(30, '2', 55),
(31, '2019-06-19', 56),
(32, '4,2', 58),
(33, '26', 59),
(34, '2019-06-20', 62),
(35, '2019-06-19', 63),
(36, '---', 64),
(37, '---', 71),
(38, 'forte', 72),
(39, '--', 74),
(40, '---', 75),
(41, '---', 76),
(42, '---', 77),
(43, '--', 78),
(44, '---', 91),
(45, '---', 92),
(46, '--', 94),
(47, '--', 96),
(48, '--', 97),
(49, '--', 98),
(50, '----', 99),
(51, '---', 100),
(52, '----', 101),
(53, 'Marlene da Silva', 103),
(54, '5', 104),
(55, '0', 105),
(56, '5', 106),
(57, '2019-06-22', 107),
(58, '550 grs', 109),
(59, '40 anos', 110),
(60, '2019-06-22', 113),
(61, '2019-06-24', 114),
(62, '2019-06-22', 125),
(63, '2019-06-24', 126),
(64, 'Avaliar ausculta cardíaca', 134),
(65, 'Sem deformidades', 135),
(66, 'Plano', 137),
(67, 'Não', 138),
(68, 'Não', 139),
(69, 'Não apresenta', 140),
(70, 'Ausentes', 141),
(71, 'Não apresenta', 154),
(72, 'Cateter umbilical bem poscionando', 155),
(73, 'Hepatite B e Vitamina K', 160),
(74, '----', 161),
(75, '------', 162),
(76, 'Não apresenta', 163),
(77, '------', 164),
(78, '2019-06-22', 168),
(79, '2019-06-24', 169),
(80, '---------------', 177),
(81, 'Sem deformidades', 178),
(82, 'Não', 180),
(83, 'Ausente', 181),
(84, 'Ausente', 182),
(85, 'Ausente', 183),
(86, 'Ausente', 184),
(87, 'Ausente', 197),
(88, 'Cateter umbilical bem poscionando', 198),
(89, 'Hepatite B e Vitamina K', 203),
(90, '----', 204),
(91, '------', 205),
(92, '----------', 207),
(93, 'TOSSE', 209),
(94, 'puram', 210),
(95, '89', 211),
(96, 'pneumunia', 212),
(97, 'TOSSE', 213),
(98, 'puram', 214),
(99, '89', 215),
(100, 'pneumunia', 216),
(101, '15', 219),
(102, '6', 220),
(103, 'ausente', 222),
(104, 'não', 226),
(105, ' ', 228),
(106, ' ', 229),
(107, ' ', 230),
(108, ' ', 241);

-- --------------------------------------------------------

--
-- Estrutura para tabela `respostamultipla`
--

CREATE TABLE `respostamultipla` (
  `IdResposta` int(11) NOT NULL
) ENGINE=InnoDB DEFAULT CHARSET=latin1 COLLATE=latin1_general_ci;

--
-- Despejando dados para a tabela `respostamultipla`
--

INSERT INTO `respostamultipla` (`IdResposta`) VALUES
(14),
(29),
(51),
(65),
(80),
(102),
(116),
(128),
(143),
(165),
(171),
(186),
(208),
(217),
(218),
(221),
(223),
(224),
(225),
(227),
(231),
(232),
(234),
(236),
(237),
(238),
(239),
(240),
(253),
(265);

-- --------------------------------------------------------

--
-- Estrutura para tabela `respostamultiplaafirmativa`
--

CREATE TABLE `respostamultiplaafirmativa` (
  `IdResposta` int(11) NOT NULL,
  `IdAfirmativa` int(11) NOT NULL,
  `IdQuestao` int(11) NOT NULL
) ENGINE=InnoDB DEFAULT CHARSET=latin1 COLLATE=latin1_general_ci;

--
-- Despejando dados para a tabela `respostamultiplaafirmativa`
--

INSERT INTO `respostamultiplaafirmativa` (`IdResposta`, `IdAfirmativa`, `IdQuestao`) VALUES
(14, 41, 48),
(14, 42, 48),
(29, 13, 25),
(29, 14, 25),
(51, 56, 63),
(51, 57, 63),
(65, 41, 48),
(80, 11, 25),
(80, 14, 25),
(102, 56, 63),
(102, 58, 63),
(116, 41, 48),
(116, 44, 48),
(128, 40, 48),
(128, 44, 48),
(143, 12, 25),
(165, 55, 63),
(165, 57, 63),
(171, 40, 48),
(171, 44, 48),
(186, 12, 25),
(208, 55, 63),
(208, 57, 63),
(217, 129, 125),
(218, 245, 139),
(221, 107, 116),
(223, 195, 131),
(224, 215, 132),
(225, 91, 118),
(227, 118, 120),
(231, 219, 133),
(232, 224, 134),
(234, 236, 136),
(236, 127, 125),
(237, 145, 126),
(238, 155, 127),
(239, 165, 129),
(240, 184, 130),
(253, 129, 125),
(265, 247, 139);

-- --------------------------------------------------------

--
-- Estrutura para tabela `respostaunica`
--

CREATE TABLE `respostaunica` (
  `IdResposta` int(11) NOT NULL,
  `IdAfirmativa` int(11) NOT NULL,
  `IdQuestao` int(11) NOT NULL
) ENGINE=InnoDB DEFAULT CHARSET=latin1;

--
-- Despejando dados para a tabela `respostaunica`
--

INSERT INTO `respostaunica` (`IdResposta`, `IdAfirmativa`, `IdQuestao`) VALUES
(6, 7, 18),
(57, 7, 18),
(108, 8, 18),
(28, 9, 24),
(79, 9, 24),
(142, 10, 24),
(185, 10, 24),
(187, 18, 26),
(81, 19, 26),
(30, 20, 26),
(144, 21, 26),
(31, 25, 27),
(145, 25, 27),
(188, 25, 27),
(82, 26, 27),
(32, 28, 28),
(83, 28, 28),
(146, 28, 28),
(189, 28, 28),
(33, 28, 30),
(34, 28, 31),
(85, 28, 31),
(148, 28, 31),
(191, 28, 31),
(35, 28, 32),
(86, 28, 32),
(149, 28, 32),
(36, 28, 33),
(150, 28, 33),
(37, 28, 34),
(88, 28, 34),
(151, 28, 34),
(194, 28, 34),
(38, 28, 35),
(90, 28, 36),
(10, 28, 44),
(61, 28, 44),
(112, 28, 44),
(124, 28, 44),
(167, 28, 44),
(15, 28, 49),
(66, 28, 49),
(42, 28, 59),
(156, 28, 59),
(199, 28, 59),
(84, 29, 30),
(147, 29, 30),
(190, 29, 30),
(192, 29, 32),
(87, 29, 33),
(193, 29, 33),
(89, 29, 35),
(152, 29, 35),
(195, 29, 35),
(39, 29, 36),
(153, 29, 36),
(196, 29, 36),
(117, 29, 49),
(129, 29, 49),
(172, 29, 49),
(16, 29, 50),
(67, 29, 50),
(118, 29, 50),
(130, 29, 50),
(173, 29, 50),
(93, 29, 59),
(18, 31, 39),
(69, 32, 39),
(175, 32, 39),
(132, 33, 39),
(19, 35, 40),
(70, 35, 40),
(133, 35, 40),
(176, 36, 40),
(60, 38, 43),
(111, 38, 43),
(123, 38, 43),
(9, 39, 43),
(166, 39, 43),
(17, 49, 51),
(68, 49, 51),
(119, 50, 51),
(131, 50, 51),
(174, 50, 51),
(22, 51, 53),
(73, 52, 53),
(136, 52, 53),
(179, 52, 53),
(44, 53, 61),
(95, 53, 61),
(158, 53, 61),
(201, 53, 61),
(233, 230, 135);

-- --------------------------------------------------------

--
-- Estrutura para tabela `resultado`
--

CREATE TABLE `resultado` (
  `IdResultado` int(11) NOT NULL,
  `Descricao` varchar(300) NOT NULL,
  `IdDiagnostico` int(11) NOT NULL
) ENGINE=InnoDB DEFAULT CHARSET=latin1;

--
-- Despejando dados para a tabela `resultado`
--

INSERT INTO `resultado` (`IdResultado`, `Descricao`, `IdDiagnostico`) VALUES
(13, 'Adaptação à Deficiência Física.', 9),
(14, 'Comportamento de Tratamento: Doença ou Lesão.', 9),
(16, 'Comportamento de Aceitação: Dieta Prescrita.', 9),
(18, 'Comportamento de Aceitação: Medicação Prescrita.', 9),
(19, 'Comportamento de Adesão.', 9),
(20, 'Nível de Estresse.', 9),
(21, 'Aceitação: Estado de Saúde.', 8),
(22, 'Adaptação à Deficiência Física.', 8),
(23, 'Comportamento de Tratamento: Doença ou Lesão.', 8),
(24, 'Enfrentamento.', 8),
(26, 'Comportamento de Aceitação: Medicação Prescrita.', 8),
(27, 'Comportamento de Adesão.', 8),
(28, 'Nível de Estresse.', 8),
(29, 'Aceitação: Estado de Saúde.', 10),
(30, 'Adaptação à Deficiência Física.', 10),
(31, 'Comportamento de Tratamento: Doença ou Lesão.', 10),
(32, 'Enfrentamento.', 10),
(33, 'Comportamento de Aceitação: Dieta Prescrita', 10),
(34, 'Comportamento de Aceitação: Medicação Prescrita.', 10),
(35, 'Comportamento de Adesão.', 10),
(36, 'Nível de Estresse.', 10),
(39, 'Comportamento de Tratamento: Doença ou Lesão.', 11),
(40, 'Enfrentamento.', 11),
(42, 'Aceitação: Estado de Saúde.', 12),
(43, 'Adaptação as limitações da terceira idade.', 12),
(44, 'Comportamento de Tratamento: Doença ou Lesão.', 12),
(45, 'Enfrentamento.', 12),
(46, 'Comportamento de Aceitação: Dieta Prescrita.', 12),
(47, 'Comportamento de Aceitação: Medicação Prescrita.', 12),
(49, 'Eficácia da Bomba Cardíaca', 13),
(50, 'Estado Cardiopulmonar', 13),
(51, 'Estado Circulatório', 13),
(52, 'Perfusão Tissular: Cardíaca', 13),
(53, 'Perfusão Tissular: Periférica', 13),
(54, 'Termorregulação', 15),
(57, 'Estado Nutricional: Ingestão Alimentar', 16),
(58, 'Comportamento de Aceitação: Dieta Prescrita', 16),
(64, 'Comportamento de Aceitação: Dieta Prescrita', 8),
(65, 'Aceitação: Estado de Saúde', 9),
(66, 'Enfrentamento', 9),
(67, 'Aceitação: Estado de Saúde.', 11),
(68, 'Adaptação à Deficiência Física.', 11),
(69, 'Comportamento de Adesão.', 11),
(70, 'Comportamento de Adesão.', 12),
(71, 'Aceitação: Estado de Saúde', 17),
(72, 'Adaptação as limitações da terceira idade', 17),
(73, 'Comportamento de Tratamento: Doença ou Lesão', 17),
(74, 'Enfrentamento', 17),
(75, 'Comportamento de Aceitação: Dieta Prescrita', 17),
(77, 'Comportamento de Aceitação: Medicação Prescrita', 17),
(78, 'Comportamento de Adesão', 17),
(79, 'Estado da Deglutição: Fase Esofágica', 18),
(80, 'Estado da Deglutição: Fase Faríngea', 18),
(81, 'Estado da Deglutição: Fase Oral', 18),
(82, 'Prevenção da Aspiração', 18),
(83, 'Estado Neurológico: Consciência', 18),
(84, 'Estado Respiratório: Permeabilidade das Vias Aéreas', 18),
(85, 'Estado Nutricional: Ingestão Alimentar', 19),
(86, 'Comportamento de Aceitação: Dieta Prescrita', 19),
(87, 'Comportamento de Adesão', 19),
(88, 'Controle do Peso', 19),
(89, 'Nível de Depressão', 19),
(90, 'Nível de Estresse', 19),
(91, 'Função Gastrointestinal', 19),
(92, 'Hidratação', 19),
(93, 'Estado Nutricional: Ingestão Alimentar', 20),
(94, 'Comportamento de Aceitação: Dieta Prescrita', 20),
(95, 'Comportamento de Adesão', 20),
(96, 'Adaptação a dieta ', 20),
(97, 'Controle do Peso', 20),
(98, 'Nível de Depressão', 20),
(99, 'Nível de Estresse', 20),
(100, 'Função Sensorial: Paladar e Olfato', 20),
(101, 'Função Gastrointestinal', 20),
(102, 'Hidratação', 20),
(103, 'Comportamento de Adesão: dieta adequada', 21),
(104, 'Estado Nutricional: Ingestão de Alimentos e Líquidos', 21),
(105, 'Apetite', 21),
(106, 'Controle de Sintomas', 21),
(107, 'Função Sensorial: Paladar e Olfato', 21),
(109, 'Estado Nutricional: Ingestão Alimentar.', 22),
(110, 'Comportamento de Aceitação: Dieta Prescrita.', 22),
(111, 'Comportamento de Adesão.', 22),
(112, 'Controle do Peso.', 22),
(113, 'Nível de Depressão.', 22),
(114, 'Nível de Estresse.', 22),
(115, 'Estado Nutricional: Ingestão Alimentar.', 23),
(116, 'Comportamento de Aceitação: Dieta Prescrita.', 23),
(117, 'Comportamento de Adesão.', 23),
(118, 'Controle do Peso.', 23),
(119, 'Nível de Depressão.', 23),
(120, 'Nível de Estresse.', 23),
(121, 'Estado Nutricional: Ingestão Alimentar.', 24),
(122, 'Comportamento de Aceitação: Dieta Prescrita.', 24),
(123, 'Comportamento de Adesão.', 24),
(124, 'Controle do Peso.', 24),
(125, 'Nível de Depressão.', 24),
(126, 'Nível de Estresse.', 24),
(127, 'Controle de Riscos.', 26),
(128, 'Controle de Riscos: Doenças Sexualmente Transmissíveis (DST).', 26),
(129, 'Controle de Riscos: Processo Infeccioso.', 26),
(130, 'Controle de Riscos: Uso de Álcool.', 26),
(131, 'Controle de Riscos: Uso de Drogas.', 26),
(132, 'Equilíbrio Eletrolítico e Ácido-Base.', 26),
(133, 'Resposta à Medicação.', 26),
(134, 'Autocontrole do Diabetes.', 27),
(135, 'Comportamento de Aceitação: Dieta Saudável Prescrita.', 27),
(136, 'Comportamento de Aceitação: Medicação Prescrita.', 27),
(137, 'Comportamento de Saúde Pré-natal.', 27),
(138, 'Controle de Riscos.', 27),
(139, 'Nível de Estresse.', 27),
(140, 'Nível de Glicemia.', 27),
(141, 'Autocontrole do Diabetes.', 28),
(142, 'Comportamento de Aceitação: Dieta Saudável Prescrita.', 28),
(143, 'Comportamento de Aceitação: Medicação Prescrita.', 28),
(144, 'Comportamento de Saúde Pré-natal.', 28),
(145, 'Controle de Riscos.', 28),
(146, 'Nível de Estresse.', 28),
(147, 'Nível de Glicemia.  ', 28),
(148, 'Controle laboratorial.', 28),
(149, 'Balanço hídrico. ', 29),
(150, 'Sinais Vitais.  ', 29),
(151, 'Alterações neurológicas. ', 29),
(152, ' Alterações cardiovasculares.    ', 29),
(153, 'Resultados laboratoriais. ', 29),
(154, 'Processo da Doença.', 30),
(164, 'Regime de Tratamento.', 30),
(165, 'Controle de Riscos.', 30),
(166, 'Eficácia da Bomba Cardíaca.', 30),
(167, 'Eliminação Intestinal.', 30),
(168, 'Eliminação Urinária.', 30),
(169, 'Equilíbrio Eletrolítico e Ácido-Base.', 30),
(170, 'Equilíbrio Hídrico.', 30),
(171, 'Gravidade da Perda de Sangue.', 30),
(172, 'Gravidade de Náusea e Vômitos.', 30),
(173, 'Hidratação.', 30),
(174, 'Sinais Vitais.', 30),
(175, 'Sobrecarga Líquida Severa.', 30),
(176, 'Processo da Doença.', 31),
(177, 'Regime de Tratamento.', 31),
(178, 'Controle de Riscos.', 31),
(179, 'Eficácia da Bomba Cardíaca.', 31),
(180, 'Eliminação Intestinal.', 31),
(181, 'Eliminação Urinária.', 31),
(182, 'Equilíbrio Eletrolítico e Ácido-Base.', 31),
(183, 'Equilíbrio Hídrico.', 31),
(184, 'Gravidade da Perda de Sangue.', 31),
(185, 'Gravidade de Náusea e Vômitos.', 31),
(186, 'Hidratação.', 31),
(187, 'Sinais Vitais.', 31),
(188, 'Sobrecarga Líquida Severa.', 31),
(189, 'Equilíbrio Hídrico.', 32),
(190, 'Função Renal.', 32),
(191, 'Hidratação.', 32),
(192, 'Eficácia da Bomba Cardíaca.', 32),
(193, 'Estado Cardiopulmonar.', 32),
(194, 'Função Gastrointestinal.', 32),
(195, 'Gravidade de Náusea e Vômitos.', 32),
(196, 'Equilíbrio Hídrico.', 33),
(197, 'Função Renal.', 33),
(198, 'Hidratação.', 33),
(199, 'Eficácia da Bomba Cardíaca.', 33),
(200, 'Estado Cardiopulmonar.', 33),
(201, 'Função Gastrointestinal.', 33),
(202, 'Gravidade de Náusea e Vômitos.', 33),
(203, 'Função Renal.', 34),
(204, 'Eliminação Urinária.', 34),
(205, 'Estado neurológico.', 34),
(206, 'Medicação.', 34),
(207, 'Processo Infeccioso.', 34),
(208, 'Eliminação Urinária.', 35),
(209, 'Estado neurológico.', 35),
(210, 'Medicação.', 35),
(211, 'Processo Infeccioso.', 35),
(212, 'Doença.', 35),
(213, 'Gravidade dos Sintomas.', 35),
(214, 'Eliminação Urinária.', 36),
(215, 'Estado neurológico.', 36),
(216, 'Medicação.', 36),
(217, 'Processo Infeccioso.', 36),
(218, 'Doença.', 36),
(219, 'Eliminação Urinária.', 37),
(220, 'Estado neurológico.', 37),
(221, 'Medicação.', 37),
(222, 'Processo Infeccioso.', 37),
(223, 'Doença.    ', 37),
(224, 'Obstrução do cateter.', 37),
(225, 'Função Renal.', 38),
(226, 'Eliminação Urinária.', 38),
(227, 'Estado neurológico.', 38),
(228, 'Medicação.', 38),
(229, 'Processo Infeccioso.', 38),
(230, 'Função Gastrointestinal.', 39),
(231, 'Hidratação.', 39),
(232, 'Estado Nutricional: Ingestão de Alimentos e Líquidos.', 39),
(233, 'Mobilidade.', 39),
(234, 'Resposta à Medicação.', 39),
(235, 'Função Gastrointestinal.', 40),
(236, 'Hidratação.', 40),
(237, 'Estado Nutricional: Ingestão de Alimentos e Líquidos.', 40),
(238, 'Mobilidade.', 40),
(239, 'Resposta à Medicação.', 40),
(240, 'Função Gastrointestinal.', 41),
(241, 'Hidratação.', 41),
(242, 'Estado Nutricional: Ingestão de Alimentos e Líquidos.', 41),
(243, 'Mobilidade.', 41),
(244, 'Resposta à Medicação.', 41),
(245, 'Função Gastrointestinal.', 42),
(246, 'Hidratação.', 42),
(247, 'Estado Nutricional: Ingestão de Alimentos e Líquidos.', 42),
(248, 'Mobilidade.', 42),
(249, 'Resposta à Medicação.', 42),
(250, 'Função Gastrointestinal.', 43),
(251, 'Hidratação.', 43),
(252, 'Estado Nutricional: Ingestão de Alimentos e Líquidos.', 43),
(253, 'Mobilidade.', 43),
(254, 'Resposta à Medicação.', 43),
(255, 'Autocuidado da Ostomia.', 44),
(256, 'Eliminação Intestinal.', 44),
(257, 'Equilíbrio Hídrico.', 44),
(258, 'Função Gastrointestinal.', 44),
(259, 'Gravidade dos Sintomas.', 44),
(260, 'Controle de Riscos: Processo Infeccioso.', 44),
(261, 'Estado Nutricional: Ingestão de Alimentos e Líquidos.', 44),
(262, 'Resposta à Medicação.    ', 44),
(263, 'Autocuidado da Ostomia.', 45),
(264, 'Eliminação Intestinal.', 45),
(265, 'Equilíbrio Hídrico.', 45),
(266, 'Função Gastrointestinal.', 45),
(267, 'Gravidade dos Sintomas.', 45),
(268, 'Controle de Riscos: Processo Infeccioso.', 45),
(269, 'Estado Nutricional: Ingestão de Alimentos e Líquidos.', 45),
(270, 'Resposta à Medicação.   ', 45),
(271, 'Integridade Tissular: Pele e Mucosas.', 45),
(272, 'Nível de Confusão Aguda.', 45),
(273, 'Eliminação Intestinal.', 46),
(274, 'Equilíbrio Hídrico.', 46),
(275, 'Função Gastrointestinal.', 46),
(276, 'Gravidade dos Sintomas.', 46),
(277, 'Controle de Riscos: Processo Infeccioso.', 46),
(278, 'Estado Nutricional: Ingestão de Alimentos e Líquidos.', 46),
(279, 'Resposta à Medicação. ', 46),
(280, 'Eliminação Intestinal.', 48),
(281, 'Equilíbrio Hídrico.', 48),
(282, 'Função Gastrointestinal.', 48),
(283, 'Gravidade dos Sintomas.', 48),
(284, 'Controle de Riscos: Processo Infeccioso.', 48),
(285, 'Estado Nutricional: Ingestão de Alimentos e Líquidos.', 48),
(286, 'Resposta à Medicação.   ', 48),
(287, 'Estado Respiratório: Troca Gasosa.', 49),
(288, 'Estado Respiratório: Ventilação.', 49),
(289, 'Nível de Consciência.', 49),
(290, 'Resposta à Ventilação Mecânica: Adulto.', 49),
(291, 'Estado Cardiopulmonar.', 49),
(292, 'Bem-estar Pessoal.', 50),
(293, 'Repouso.', 50),
(294, 'Estado de Conforto.', 50),
(295, 'Nível de Dor.', 50),
(296, 'Nível de Estresse.', 50),
(297, 'Nível de Medo.', 50),
(298, 'Resposta à Medicação.', 50),
(299, 'Equilíbrio do Humor.', 51),
(300, 'Nível de Agitação.', 51),
(301, 'Nível de Ansiedade.', 51),
(302, 'Nível de Confusão Agudo.', 51),
(303, 'Nível de Desconforto.', 51),
(304, 'Nível de Dor.', 51),
(305, 'Nível de Fadiga.', 51),
(306, 'Repouso.', 51),
(307, 'Sono.', 51),
(308, 'Resposta à Medicação.', 51),
(311, 'Posicionamento adequado.  ', 52),
(312, 'Desempenho da Mecânica Corporal.', 52),
(313, 'Desempenho na Transferência.', 52),
(314, 'Equilíbrio.', 52),
(315, 'Locomoção.', 52),
(316, 'Locomoção: Cadeira de Rodas.', 52),
(317, 'Mobilidade.', 52),
(318, 'Estado Cardiopulmonar.', 52),
(319, 'Estado Respiratório.', 52),
(320, 'Função Esquelética.', 52),
(321, 'Movimento Articular.', 52),
(323, 'Nível de Dor.', 52),
(324, 'Tolerância à Atividade.', 52),
(325, 'Posicionamento adequado.          ', 53),
(326, 'Desempenho da Mecânica Corporal.', 53),
(327, 'Desempenho na Transferência.', 53),
(328, 'Locomoção: Cadeira de Rodas.', 53),
(329, 'Mobilidade.', 53),
(330, 'Estado Cardiopulmonar.', 53),
(331, 'Estado Respiratório.', 53),
(332, 'Função Esquelética.', 53),
(333, 'Movimento Articular.', 53),
(334, 'Nível de Dor.', 53),
(335, 'Tolerância à Atividade.    ', 53),
(336, 'Posicionamento adequado.', 54),
(337, 'Desempenho da Mecânica Corporal.', 54),
(338, 'Desempenho na Transferência.', 54),
(339, 'Locomoção: Cadeira de Rodas.', 54),
(340, 'Mobilidade.', 54),
(341, 'Estado Cardiopulmonar.', 54),
(342, 'Estado Respiratório.', 54),
(343, 'Função Esquelética.', 54),
(344, 'Movimento Articular.', 54),
(345, 'Nível de Dor.', 54),
(346, 'Tolerância à Atividade.   ', 54),
(347, 'Estado Nutricional: Energia.', 55),
(348, 'Resistência.', 55),
(349, 'Tolerância à Atividade.', 55),
(350, 'Estado de Saúde Pessoal.', 55),
(351, 'Nível de Ansiedade.', 55),
(352, 'Nível de Depressão.', 55),
(353, 'Nível de Dor.', 55),
(354, 'Nível de Estresse.', 55),
(355, 'Nível de Glicemia.', 55),
(356, 'Perfusão Tissular: Celular.', 13),
(357, 'Perfusão Tissular: Cerebral.', 13),
(358, 'Perfusão Tissular: Órgãos Abdominais.', 13),
(359, 'Sinais Vitais.', 13),
(360, 'Equilíbrio Hídrico.', 13),
(361, 'Estado Cardiopulmonar.', 56),
(362, 'Estado Circulatório.', 56),
(363, 'Eficácia da Bomba Cardíaca.', 56),
(365, 'Perfusão Tissular: Cardíaca.', 56),
(366, 'Perfusão Tissular: Celular.', 56),
(367, 'Perfusão Tissular: Cerebral.', 56),
(369, 'Perfusão Tissular: Órgãos Abdominais.', 56),
(370, 'Perfusão Tissular: Periférica.', 56),
(371, 'Sinais Vitais.', 56),
(372, 'Equilíbrio Hídrico.', 56),
(373, 'Controle de Riscos: Processo Infeccioso.', 57),
(374, 'Equilíbrio Eletrolítico e Ácido-Base.', 57),
(375, 'Estado Cardiopulmonar.', 57),
(376, 'Estado Neurológico.', 57),
(377, 'Estado Respiratório: Permeabilidade das Vias Aéreas.', 57),
(378, 'Estado Respiratório: Troca Gasosa.', 57),
(379, 'Estado Respiratório: Ventilação.', 57),
(380, 'Resposta à Ventilação Mecânica: Adulto.', 57),
(381, 'Sobrecarga Líquida Severa.', 57),
(382, 'Estado Circulatório.', 58),
(383, 'Eficácia da Bomba Cardíaca.', 58),
(384, 'Sinais Vitais.', 58),
(385, 'Estado Respiratório.', 58),
(386, 'Estado Neurológico.', 59),
(387, 'Nível de Agitação.', 59),
(388, 'Nível de Confusão Agudo.', 59),
(389, 'Controle de Riscos: Hipertermia.', 59),
(390, 'Controle de Riscos: Hipotermia.', 59),
(391, 'Estado Circulatório.', 59),
(392, 'Estado Circulatório.', 60),
(393, 'Integridade Tissular: Pele e Mucosas.', 60),
(394, 'Cicatrização de Feridas.', 60),
(395, 'Estado Cardiopulmonar.', 60),
(396, 'Estado Respiratório.', 60),
(397, 'Função Sensorial.', 60),
(398, 'Sinais Vitais.', 60),
(399, 'Estado Circulatório.', 61),
(400, 'Integridade Tissular: Pele e Mucosas.', 61),
(401, 'Cicatrização de Feridas.', 61),
(402, 'Estado Cardiopulmonar.', 61),
(403, 'Estado Respiratório.', 61),
(404, 'Função Sensorial.', 61),
(405, 'Sinais Vitais.', 61),
(406, 'Estado Circulatório.', 62),
(407, 'Estado Cardiopulmonar.', 62),
(408, 'Estado Respiratório.', 62),
(409, 'Função Sensorial.', 62),
(410, 'Sinais Vitais.', 62),
(411, 'Autocontrole da Ansiedade.', 63),
(412, 'Estado Respiratório: Troca Gasosa.', 63),
(413, 'Estado Respiratório: Ventilação.', 63),
(414, 'Resposta ao Desmame da Ventilação Mecânica: Adulto.', 63),
(415, 'Sinais Vitais.', 63),
(416, 'Controle da Dor.', 63),
(417, 'Equilíbrio Eletrolítico e Ácido-Base.', 63),
(418, 'Estado Cardiopulmonar.', 63),
(419, 'Estado Neurológico: Consciência.', 63),
(420, 'Recuperação Pós-procedimento.', 63),
(421, 'Nível de Desconforto.', 64),
(422, 'Nível de Fadiga.', 64),
(423, 'Resistência.', 64),
(424, 'Sinais Vitais.', 64),
(425, 'Tolerância à Atividade.', 64),
(426, 'Consequências da Imobilidade: Fisiológicas.', 64),
(427, 'Dor: Efeitos Nocivos.', 64),
(428, 'Estado Cardiopulmonar.', 64),
(429, 'Estado Circulatório.', 64),
(430, 'Estado Respiratório: Troca Gasosa.', 64),
(431, 'Estado Respiratório: Ventilação.', 64),
(432, 'Locomoção: Cadeira de Rodas.', 64),
(433, 'Nível de Depressão.', 64),
(434, 'Nível de Desconforto.', 64),
(435, 'Nível de Dor.', 64),
(436, 'Nível de Desconforto.', 65),
(437, 'Nível de Fadiga.', 65),
(438, 'Resistência.', 65),
(439, 'Sinais Vitais.', 65),
(440, 'Tolerância à Atividade.', 8),
(441, 'Tolerância à Atividade.', 65),
(442, 'Consequências da Imobilidade: Fisiológicas.', 65),
(443, 'Dor: Efeitos Nocivos.', 65),
(444, 'Estado Cardiopulmonar.', 65),
(445, 'Estado Circulatório.', 65),
(446, 'Estado Respiratório: Troca Gasosa.', 65),
(447, 'Estado Respiratório: Ventilação.', 65),
(448, 'Locomoção: Cadeira de Rodas.', 65),
(449, 'Nível de Depressão.', 8),
(450, 'Nível de Depressão.', 65),
(451, 'Nível de Desconforto.', 65),
(452, 'Nível de Dor.', 65),
(453, 'Estado Respiratório: Troca Gasosa.', 66),
(454, 'Estado Respiratório: Ventilação.', 66),
(455, 'Resposta à Ventilação Mecânica: Adulto.', 66),
(456, 'Sinais Vitais.', 66),
(457, 'Autocontrole da Ansiedade.', 66),
(458, 'Equilíbrio Eletrolítico e Ácido-Base.', 66),
(459, 'Estado Cardiopulmonar.', 66),
(460, 'Estado Neurológico: Consciência.', 66),
(461, 'Recuperação Pós-procedimento.', 66),
(462, 'Resposta ao Desmame da Ventilação Mecânica: Adulto.', 66),
(463, 'Estado da Deglutição.', 67),
(464, 'Estado Nutricional: Ingestão de Alimentos e Líquidos.', 67),
(465, 'Adaptação à Deficiência Física.', 67),
(466, 'Controle de Náusea e Vômitos.', 67),
(467, 'Estado Neurológico.', 67),
(468, 'Movimento Articular: Cotovelos.', 67),
(469, 'Movimento Articular: Dedos.', 67),
(470, 'Movimento Articular: Ombros.', 67),
(471, 'Movimento Articular: Punhos.', 67),
(472, 'Nível de Desconforto.', 67),
(473, 'Nível de Dor.', 67),
(474, 'Prevenção de Aspiração.', 67),
(475, 'Nível de Agitação.', 76),
(476, 'Nível de Confusão Agudo.', 76),
(477, 'Orientação Cognitiva.', 76),
(478, 'Comportamento de Suspensão do Abuso de Álcool.', 76),
(479, 'Comportamento para Cessação do Abuso de Drogas.', 76),
(480, 'Equilíbrio Eletrolítico e Ácido-Base.', 76),
(481, 'Equilíbrio Hídrico.', 76),
(482, 'Estado Cardiopulmonar.', 76),
(483, 'Estado Respiratório.', 76),
(484, 'Estado Respiratório: Troca Gasosa.', 76),
(485, 'Gravidade da Infecção.', 76),
(486, 'Gravidade da Retirada da Substância.', 76),
(487, 'Nível de Glicemia.', 76),
(488, 'Perfusão Tissular: Cerebral.', 76),
(489, 'Termorregulação.', 76),
(490, 'Nível de Agitação.', 77),
(492, 'Nível de Confusão Aguda.', 77),
(493, 'Orientação Cognitiva.', 77),
(494, 'Comportamento de Suspensão do Abuso de Álcool.', 77),
(495, 'Comportamento para Cessação do Abuso de Drogas.', 77),
(496, 'Equilíbrio Eletrolítico e Ácido-Base.', 77),
(497, 'Equilíbrio Hídrico.', 77),
(498, 'Estado Cardiopulmonar.', 77),
(499, 'Estado Respiratório.', 77),
(500, 'Estado Respiratório: Troca Gasosa.', 77),
(501, 'Gravidade da Infecção.', 77),
(502, 'Gravidade da Retirada da Substância.', 77),
(504, 'Nível de Glicemia.', 77),
(505, 'Perfusão Tissular: Cerebral.', 77),
(506, 'Termorregulação.', 77),
(507, 'Orientação Cognitiva.', 78),
(508, 'Perfusão Tissular: Cerebral.', 78),
(509, 'Processamento de Informações.', 78),
(510, 'Controle de Riscos: Doença.', 78),
(511, 'Conhecimento: Processo da Doença.', 79),
(512, 'Conhecimento: Processo da Doença.      ', 80),
(513, 'Encorajamento.  ', 80),
(514, 'Redução dos fatores de estresse.   ', 80),
(515, 'Melhora da dor.   ', 80),
(516, 'Envolvimento familiar.    ', 80),
(517, 'Conhecimento: Processo da Doença.      ', 81),
(518, 'Redução dos fatores de estresse.   ', 81),
(520, 'Encorajamento.   ', 81),
(521, 'Melhora da dor.  ', 81),
(522, 'Envolvimento familiar. ', 81),
(523, 'Concentração.', 82),
(524, 'Estado Neurológico.', 82),
(525, 'Nível de Agitação.', 82),
(526, 'Nível de Ansiedade.', 82),
(527, 'Resposta à Medicação.', 82),
(528, 'Comunicação: Expressão.', 83),
(529, 'Comunicação: Recepção.', 83),
(530, 'Motivação.', 83),
(531, 'Comunicação: Expressão.', 84),
(532, 'Comunicação: Recepção.', 84),
(533, 'Estado Neurológico.', 84),
(534, 'Função Sensorial: Audição.', 84),
(535, 'Função Sensorial: Visão.', 84),
(536, 'Nível de Confusão Aguda.', 84),
(537, 'Autocontrole da Depressão.', 85),
(538, 'Equilíbrio do Humor.', 85),
(539, 'Vontade de Viver.', 85),
(540, 'Aceitação: Estado de Saúde.', 85),
(541, 'Adaptação à Deficiência Física.', 85),
(542, 'Autocontrole do Medo.', 85),
(543, 'Enfrentamento.', 85),
(544, 'Autocontrole da Depressão.', 86),
(545, 'Equilíbrio do Humor.', 86),
(546, 'Apetite.', 86),
(547, 'Sono.', 86),
(548, 'Vontade de Viver.', 86),
(549, 'Aceitação: Estado de Saúde.', 86),
(550, 'Adaptação à Deficiência Física.', 86),
(551, 'Autocontrole do Medo.', 86),
(552, 'Enfrentamento.', 86),
(553, 'Bem-estar Pessoal.', 87),
(554, 'Autoestima.', 87),
(555, 'Comportamento de Busca da Saúde.', 87),
(556, 'Enfrentamento.', 87),
(557, 'Qualidade de Vida.', 87),
(558, 'Autocontrole da Depressão.', 88),
(559, 'Habilidades de Interação Social.', 88),
(560, 'Imagem Corporal.', 88),
(561, 'Motivação.', 88),
(562, 'Nível de Estresse.', 88),
(563, 'Autocontrole da Depressão.', 89),
(564, 'Habilidades de Interação Social.', 89),
(565, 'Imagem Corporal.', 89),
(566, 'Motivação.', 89),
(567, 'Nível de Estresse.', 89),
(568, 'Autocontrole da Depressão.', 90),
(569, 'Habilidades de Interação Social.', 90),
(570, 'Imagem Corporal.', 90),
(571, 'Motivação.', 90),
(572, 'Nível de Estresse.  ', 90),
(573, 'Enfrentamento.', 90),
(574, 'Autocontrole da Depressão.', 91),
(575, 'Habilidades de Interação Social.', 91),
(576, 'Imagem Corporal.', 91),
(577, 'Motivação.', 91),
(578, 'Nível de Estresse.', 91),
(579, 'Enfrentamento.', 91),
(580, 'Adaptação à Deficiência Física.', 92),
(581, 'Enfrentamento.', 92),
(582, 'Imagem Corporal.', 92),
(583, 'Recuperação de Abuso: Emocional.', 92),
(584, 'Recuperação de Abuso: Físico.', 92),
(585, 'Recuperação de Abuso: Sexual.', 92),
(586, 'Recuperação de Queimaduras.', 92),
(587, 'Controle de Riscos.', 93),
(588, 'Detecção de Riscos.', 93),
(589, 'Enfrentamento.', 93),
(590, 'Adaptação à Deficiência Física.', 93),
(591, 'Enfrentamento.', 93),
(592, 'Imagem Corporal.', 93),
(593, 'Recuperação de Abuso: Emocional.', 93),
(594, 'Recuperação de Abuso: Físico.', 93),
(595, 'Recuperação de Abuso: Sexual.', 93),
(596, 'Recuperação de Queimaduras.', 93),
(597, 'Conhecimento do processo doença.  ', 94),
(598, 'Enfrentamento.', 94),
(599, 'Aceitação.    ', 94),
(600, '   Estresse. ', 94),
(601, '   Estrutura emocional.                         ', 94),
(602, 'Conhecimento do processo doença.        ', 95),
(603, 'Enfrentamento.                   ', 95),
(604, 'Estresse.    ', 95),
(605, 'Aceitação.               ', 95),
(606, 'Estrutura emocional.       ', 95),
(607, 'Estabilidade hemodinâmica.    ', 96),
(608, 'Controle glicêmico.    ', 96),
(609, 'Normotermia.          ', 96),
(610, 'Controle da ansiedade.     ', 96),
(611, 'Exames laboratoriais.                                      ', 96),
(612, 'Autocontrole da Depressão.', 97),
(613, 'Habilidades de Interação Social.', 97),
(614, 'Imagem Corporal.', 97),
(615, 'Motivação.', 97),
(616, 'Nível de Estresse.', 97),
(621, 'Autocontrole da Depressão.', 98),
(622, 'Habilidades de Interação Social.', 98),
(623, 'Imagem Corporal.', 98),
(624, 'Motivação.', 98),
(625, 'Nível de Estresse.', 98),
(626, 'Autocontrole da Ansiedade.', 99),
(627, 'Enfrentamento.', 99),
(628, 'Controle de Náusea e Vômitos.', 99),
(629, 'Controle de Sintomas.', 99),
(630, 'Nível de Agitação.', 99),
(631, 'Nível de Estresse.', 99),
(632, 'Nível de Fadiga.', 99),
(633, 'Risco de Propensão à Evasão.', 99),
(634, 'Sinais Vitais.', 99),
(635, 'Sono.', 99),
(636, 'Aceitação: Estado de Saúde.', 100),
(637, 'Nível de Ansiedade.', 100),
(638, 'Nível de Medo.', 100),
(639, 'Término de Vida com Dignidade.', 100),
(640, 'Autocontrole da Ansiedade.', 100),
(641, 'Autocontrole da Depressão.', 100),
(642, 'Autocontrole do Medo.', 100),
(643, 'Enfrentamento.', 100),
(644, 'Esperança.', 100),
(645, 'Nível de Depressão.', 100),
(646, 'Nível de Desconforto.', 100),
(647, 'Aceitação: Estado de Saúde.', 101),
(649, 'Adaptação à Deficiência Física.', 101),
(650, 'Nível de Estresse.', 101),
(651, 'Comportamento de Suspensão do Abuso de Álcool.', 101),
(652, 'Comportamento para Cessação do Abuso de Drogas.', 101),
(653, 'Saúde Emocional do Cuidador.', 101),
(654, 'Aceitação: Estado de Saúde.', 102),
(655, 'Adaptação à Deficiência Física.', 102),
(656, 'Saúde Emocional do Acompanhante.', 102),
(657, 'Autocontrole do Medo.', 103),
(658, 'Sinais Vitais.', 103),
(659, 'Enfrentamento.', 103),
(660, 'Nível de Confusão Aguda.', 103),
(661, 'Nível de Desconforto.', 103),
(662, 'Nível de Dor.', 103),
(663, 'Nível de Estresse.', 103),
(664, 'Autocontrole do Medo.', 104),
(665, 'Sinais Vitais.', 104),
(666, 'Enfrentamento.', 104),
(667, 'Nível de Confusão Aguda.', 104),
(668, 'Nível de Desconforto.', 104),
(669, 'Nível de Dor.', 104),
(670, 'Nível de Estresse.', 104),
(671, 'Autocontrole do Medo.', 105),
(672, 'Sinais Vitais.', 105),
(673, 'Enfrentamento.', 105),
(674, 'Nível de Confusão Aguda.', 105),
(675, 'Nível de Desconforto.', 105),
(676, 'Nível de Dor.', 105),
(677, 'Nível de Estresse.', 105),
(678, 'Autocontrole do Medo.', 106),
(679, 'Enfrentamento.', 106),
(680, 'Nível de Desconforto.', 106),
(682, 'Autocontrole do Medo.', 107),
(683, 'Enfrentamento.', 107),
(684, 'Nível de Desconforto.', 107),
(685, 'Nível de Estresse.', 107),
(686, 'Aceitação: Estado da Doença.', 108),
(687, 'Equilíbrio do Humor.', 108),
(688, 'Esperança.', 108),
(689, 'Adaptação à Deficiência Física.', 108),
(690, 'Enfrentamento.', 108),
(692, 'Estado Neurológico: Consciência.', 109),
(693, 'Perfusão Tissular: Cerebral.', 109),
(694, 'Equilíbrio Eletrolítico e Ácido-Base.', 109),
(695, 'Equilíbrio Hídrico.', 109),
(696, 'Sinais Vitais.', 109),
(697, 'Sinais Vitais.  ', 110),
(698, 'Cuidados com a pele.        ', 110),
(699, 'Função intestinal. ', 110),
(700, 'Reabilitação. ', 110),
(701, 'Sinais Vitais.       ', 111),
(702, 'Cuidados com a pele.      ', 111),
(703, 'Função intestinal.    ', 111),
(704, 'Reabilitação. ', 111);

-- --------------------------------------------------------

--
-- Estrutura para tabela `tipofuncionario`
--

CREATE TABLE `tipofuncionario` (
  `IdTipoFuncionario` tinyint(4) NOT NULL,
  `descricao` varchar(100) NOT NULL
) ENGINE=InnoDB DEFAULT CHARSET=latin1;

--
-- Despejando dados para a tabela `tipofuncionario`
--

INSERT INTO `tipofuncionario` (`IdTipoFuncionario`, `descricao`) VALUES
(1, 'administrador'),
(2, 'funcionario');

-- --------------------------------------------------------

--
-- Estrutura para tabela `tipopaciente`
--

CREATE TABLE `tipopaciente` (
  `IdTipoPaciente` tinyint(4) NOT NULL,
  `Descricao` varchar(50) NOT NULL
) ENGINE=InnoDB DEFAULT CHARSET=latin1;

--
-- Despejando dados para a tabela `tipopaciente`
--

INSERT INTO `tipopaciente` (`IdTipoPaciente`, `Descricao`) VALUES
(1, 'Adulto'),
(2, 'Pediátrico'),
(3, 'Neonato');

-- --------------------------------------------------------

--
-- Estrutura para tabela `tipoquestao`
--

CREATE TABLE `tipoquestao` (
  `IdTipoQuestao` tinyint(4) NOT NULL,
  `Descricao` varchar(50) NOT NULL
) ENGINE=InnoDB DEFAULT CHARSET=latin1;

--
-- Despejando dados para a tabela `tipoquestao`
--

INSERT INTO `tipoquestao` (`IdTipoQuestao`, `Descricao`) VALUES
(1, 'Aberta'),
(2, 'Fechada Escolha Única'),
(3, 'Fechada Escolha Múltipla'),
(4, 'Data'),
(5, 'Afirmação ou Negação');

-- --------------------------------------------------------

--
-- Estrutura para tabela `unidadeinternacao`
--

CREATE TABLE `unidadeinternacao` (
  `IdUnidadeInternacao` tinyint(4) NOT NULL,
  `NomeUnidade` varchar(100) NOT NULL
) ENGINE=InnoDB DEFAULT CHARSET=latin1;

--
-- Despejando dados para a tabela `unidadeinternacao`
--

INSERT INTO `unidadeinternacao` (`IdUnidadeInternacao`, `NomeUnidade`) VALUES
(1, 'UTI Adulto'),
(2, 'UTI Pediátrico'),
(3, 'UTI Neonato'),
(4, 'Pediatria'),
(5, 'Cirurgica 1'),
(6, 'Cirurgica 2'),
(7, 'Clínica Médica'),
(8, 'Alojamento Conjunto');

--
-- Índices de tabelas apagadas
--

--
-- Índices de tabela `afirmativa`
--
ALTER TABLE `afirmativa`
  ADD PRIMARY KEY (`IdAfirmativa`);

--
-- Índices de tabela `aplicacao`
--
ALTER TABLE `aplicacao`
  ADD PRIMARY KEY (`IdAplicacao`),
  ADD KEY `formulario_aplicacao_fk` (`IdFormulario`),
  ADD KEY `avaliacao_aplicacao_fk` (`IdAvaliacao`);

--
-- Índices de tabela `avaliacao`
--
ALTER TABLE `avaliacao`
  ADD PRIMARY KEY (`IdAvaliacao`);

--
-- Índices de tabela `avaliacaoquestao`
--
ALTER TABLE `avaliacaoquestao`
  ADD PRIMARY KEY (`IdQuestao`,`IdAvaliacao`),
  ADD KEY `avaliacao_avaliacaoquestao_fk` (`IdAvaliacao`);

--
-- Índices de tabela `diagnostico`
--
ALTER TABLE `diagnostico`
  ADD PRIMARY KEY (`IdDiagnostico`),
  ADD KEY `unidadeinternacao_diagnostico_fk` (`IdUnidadeInternacao`);

--
-- Índices de tabela `diagnosticoprescricao`
--
ALTER TABLE `diagnosticoprescricao`
  ADD PRIMARY KEY (`IdDiagnostico`,`IdPrescricao`),
  ADD KEY `prescricao_diagnosticoprescricao_fk` (`IdPrescricao`);

--
-- Índices de tabela `formulario`
--
ALTER TABLE `formulario`
  ADD PRIMARY KEY (`IdFormulario`);

--
-- Índices de tabela `funcionario`
--
ALTER TABLE `funcionario`
  ADD PRIMARY KEY (`IdFuncionario`),
  ADD KEY `IdTipoUsuario` (`IdTipoFuncionario`);

--
-- Índices de tabela `paciente`
--
ALTER TABLE `paciente`
  ADD PRIMARY KEY (`IdPaciente`),
  ADD KEY `tipopaciente_paciente_fk` (`IdTipoPaciente`),
  ADD KEY `unidadeinternacao_paciente_fk` (`IdUnidadeInternacao`);

--
-- Índices de tabela `pacientediagnostico`
--
ALTER TABLE `pacientediagnostico`
  ADD PRIMARY KEY (`IdDiagnostico`,`IdQuestionarioDiagPresc`),
  ADD KEY `questionariodiagpresc_pacientediagnostico_fk` (`IdQuestionarioDiagPresc`);

--
-- Índices de tabela `pacienteprescricao`
--
ALTER TABLE `pacienteprescricao`
  ADD PRIMARY KEY (`IdDiagnostico`,`IdPrescricao`,`IdQuestionarioDiagPresc`),
  ADD KEY `questionariodiagpresc_pacienteprescricao_fk` (`IdQuestionarioDiagPresc`);

--
-- Índices de tabela `pacienteresultado`
--
ALTER TABLE `pacienteresultado`
  ADD PRIMARY KEY (`IdResultado`,`IdQuestionarioDiagPresc`),
  ADD KEY `questionariodiagpresc_pacienteresultado_fk` (`IdQuestionarioDiagPresc`);

--
-- Índices de tabela `prescricao`
--
ALTER TABLE `prescricao`
  ADD PRIMARY KEY (`IdPrescricao`);

--
-- Índices de tabela `questao`
--
ALTER TABLE `questao`
  ADD PRIMARY KEY (`IdQuestao`),
  ADD KEY `tipoavaliacao_avaliacao_fk` (`IdTipoQuestao`);

--
-- Índices de tabela `questaoafirmativa`
--
ALTER TABLE `questaoafirmativa`
  ADD PRIMARY KEY (`IdAfirmativa`,`IdQuestao`),
  ADD KEY `questao_questaoafirmativa_fk` (`IdQuestao`);

--
-- Índices de tabela `questionario`
--
ALTER TABLE `questionario`
  ADD PRIMARY KEY (`IdQuestionario`),
  ADD KEY `funcionario_questionario_fk` (`IdFuncionario`),
  ADD KEY `paciente_questionario_fk` (`IdPaciente`),
  ADD KEY `formulario_questionario_fk` (`IdFormulario`);

--
-- Índices de tabela `questionariodiagpresc`
--
ALTER TABLE `questionariodiagpresc`
  ADD PRIMARY KEY (`IdQuestionarioDiagPresc`),
  ADD KEY `paciente_questionariodiagpresc_fk` (`IdPaciente`),
  ADD KEY `funcionario_questionarioDiagPresc_fk` (`IdFuncionario`),
  ADD KEY `questionario_questionariodiagpresc_fk` (`IdQuestionario`);

--
-- Índices de tabela `resposta`
--
ALTER TABLE `resposta`
  ADD PRIMARY KEY (`IdResposta`),
  ADD KEY `questionario_resposta_fk` (`IdQuestionario`),
  ADD KEY `aplicacao_resposta_fk` (`IdAplicacao`),
  ADD KEY `questao_resposta_fk` (`IdQuestao`),
  ADD KEY `avaliacaoquestao_resposta_fk` (`IdAvaliacao`,`IdQuestao`);

--
-- Índices de tabela `respostaaberta`
--
ALTER TABLE `respostaaberta`
  ADD PRIMARY KEY (`IdRespostaAberta`),
  ADD KEY `resposta_respostaaberta_fk` (`IdResposta`);

--
-- Índices de tabela `respostamultipla`
--
ALTER TABLE `respostamultipla`
  ADD PRIMARY KEY (`IdResposta`);

--
-- Índices de tabela `respostamultiplaafirmativa`
--
ALTER TABLE `respostamultiplaafirmativa`
  ADD PRIMARY KEY (`IdResposta`,`IdAfirmativa`,`IdQuestao`),
  ADD KEY `questaoafirmativa_respostamultiplaafirmativa_fk` (`IdQuestao`,`IdAfirmativa`);

--
-- Índices de tabela `respostaunica`
--
ALTER TABLE `respostaunica`
  ADD PRIMARY KEY (`IdResposta`),
  ADD KEY `questaoafirmativa_respostaunica_fk` (`IdAfirmativa`,`IdQuestao`);

--
-- Índices de tabela `resultado`
--
ALTER TABLE `resultado`
  ADD PRIMARY KEY (`IdResultado`),
  ADD KEY `diagnostico_resultado_fk` (`IdDiagnostico`);

--
-- Índices de tabela `tipofuncionario`
--
ALTER TABLE `tipofuncionario`
  ADD PRIMARY KEY (`IdTipoFuncionario`);

--
-- Índices de tabela `tipopaciente`
--
ALTER TABLE `tipopaciente`
  ADD PRIMARY KEY (`IdTipoPaciente`);

--
-- Índices de tabela `tipoquestao`
--
ALTER TABLE `tipoquestao`
  ADD PRIMARY KEY (`IdTipoQuestao`);

--
-- Índices de tabela `unidadeinternacao`
--
ALTER TABLE `unidadeinternacao`
  ADD PRIMARY KEY (`IdUnidadeInternacao`);

--
-- AUTO_INCREMENT de tabelas apagadas
--

--
-- AUTO_INCREMENT de tabela `afirmativa`
--
ALTER TABLE `afirmativa`
  MODIFY `IdAfirmativa` int(11) NOT NULL AUTO_INCREMENT, AUTO_INCREMENT=250;

--
-- AUTO_INCREMENT de tabela `aplicacao`
--
ALTER TABLE `aplicacao`
  MODIFY `IdAplicacao` int(11) NOT NULL AUTO_INCREMENT, AUTO_INCREMENT=38;

--
-- AUTO_INCREMENT de tabela `avaliacao`
--
ALTER TABLE `avaliacao`
  MODIFY `IdAvaliacao` int(11) NOT NULL AUTO_INCREMENT, AUTO_INCREMENT=55;

--
-- AUTO_INCREMENT de tabela `diagnostico`
--
ALTER TABLE `diagnostico`
  MODIFY `IdDiagnostico` int(11) NOT NULL AUTO_INCREMENT, AUTO_INCREMENT=112;

--
-- AUTO_INCREMENT de tabela `formulario`
--
ALTER TABLE `formulario`
  MODIFY `IdFormulario` int(11) NOT NULL AUTO_INCREMENT, AUTO_INCREMENT=17;

--
-- AUTO_INCREMENT de tabela `funcionario`
--
ALTER TABLE `funcionario`
  MODIFY `IdFuncionario` int(11) NOT NULL AUTO_INCREMENT, AUTO_INCREMENT=26;

--
-- AUTO_INCREMENT de tabela `paciente`
--
ALTER TABLE `paciente`
  MODIFY `IdPaciente` int(11) NOT NULL AUTO_INCREMENT, AUTO_INCREMENT=47;

--
-- AUTO_INCREMENT de tabela `prescricao`
--
ALTER TABLE `prescricao`
  MODIFY `IdPrescricao` int(11) NOT NULL AUTO_INCREMENT, AUTO_INCREMENT=1322;

--
-- AUTO_INCREMENT de tabela `questao`
--
ALTER TABLE `questao`
  MODIFY `IdQuestao` int(11) NOT NULL AUTO_INCREMENT, AUTO_INCREMENT=141;

--
-- AUTO_INCREMENT de tabela `questionario`
--
ALTER TABLE `questionario`
  MODIFY `IdQuestionario` int(11) NOT NULL AUTO_INCREMENT, AUTO_INCREMENT=23;

--
-- AUTO_INCREMENT de tabela `questionariodiagpresc`
--
ALTER TABLE `questionariodiagpresc`
  MODIFY `IdQuestionarioDiagPresc` int(11) NOT NULL AUTO_INCREMENT, AUTO_INCREMENT=12;

--
-- AUTO_INCREMENT de tabela `resposta`
--
ALTER TABLE `resposta`
  MODIFY `IdResposta` int(11) NOT NULL AUTO_INCREMENT, AUTO_INCREMENT=288;

--
-- AUTO_INCREMENT de tabela `respostaaberta`
--
ALTER TABLE `respostaaberta`
  MODIFY `IdRespostaAberta` int(11) NOT NULL AUTO_INCREMENT, AUTO_INCREMENT=109;

--
-- AUTO_INCREMENT de tabela `resultado`
--
ALTER TABLE `resultado`
  MODIFY `IdResultado` int(11) NOT NULL AUTO_INCREMENT, AUTO_INCREMENT=705;

--
-- AUTO_INCREMENT de tabela `tipofuncionario`
--
ALTER TABLE `tipofuncionario`
  MODIFY `IdTipoFuncionario` tinyint(4) NOT NULL AUTO_INCREMENT, AUTO_INCREMENT=3;

--
-- AUTO_INCREMENT de tabela `tipopaciente`
--
ALTER TABLE `tipopaciente`
  MODIFY `IdTipoPaciente` tinyint(4) NOT NULL AUTO_INCREMENT, AUTO_INCREMENT=4;

--
-- AUTO_INCREMENT de tabela `tipoquestao`
--
ALTER TABLE `tipoquestao`
  MODIFY `IdTipoQuestao` tinyint(4) NOT NULL AUTO_INCREMENT, AUTO_INCREMENT=6;

--
-- AUTO_INCREMENT de tabela `unidadeinternacao`
--
ALTER TABLE `unidadeinternacao`
  MODIFY `IdUnidadeInternacao` tinyint(4) NOT NULL AUTO_INCREMENT, AUTO_INCREMENT=9;

--
-- Restrições para dumps de tabelas
--

--
-- Restrições para tabelas `aplicacao`
--
ALTER TABLE `aplicacao`
  ADD CONSTRAINT `avaliacao_aplicacao_fk` FOREIGN KEY (`IdAvaliacao`) REFERENCES `avaliacao` (`IdAvaliacao`) ON DELETE NO ACTION ON UPDATE NO ACTION,
  ADD CONSTRAINT `formulario_aplicacao_fk` FOREIGN KEY (`IdFormulario`) REFERENCES `formulario` (`IdFormulario`) ON DELETE NO ACTION ON UPDATE NO ACTION;

--
-- Restrições para tabelas `diagnostico`
--
ALTER TABLE `diagnostico`
  ADD CONSTRAINT `unidadeinternacao_diagnostico_fk` FOREIGN KEY (`IdUnidadeInternacao`) REFERENCES `unidadeinternacao` (`IdUnidadeInternacao`) ON DELETE NO ACTION ON UPDATE NO ACTION;

--
-- Restrições para tabelas `diagnosticoprescricao`
--
ALTER TABLE `diagnosticoprescricao`
  ADD CONSTRAINT `diagnostico_diagnosticoprescricao_fk` FOREIGN KEY (`IdDiagnostico`) REFERENCES `diagnostico` (`IdDiagnostico`) ON DELETE NO ACTION ON UPDATE NO ACTION,
  ADD CONSTRAINT `prescricao_diagnosticoprescricao_fk` FOREIGN KEY (`IdPrescricao`) REFERENCES `prescricao` (`IdPrescricao`) ON DELETE NO ACTION ON UPDATE NO ACTION;

--
-- Restrições para tabelas `funcionario`
--
ALTER TABLE `funcionario`
  ADD CONSTRAINT `funcionario_ibfk_1` FOREIGN KEY (`IdTipoFuncionario`) REFERENCES `tipofuncionario` (`IdTipoFuncionario`);

--
-- Restrições para tabelas `paciente`
--
ALTER TABLE `paciente`
  ADD CONSTRAINT `tipopaciente_paciente_fk` FOREIGN KEY (`IdTipoPaciente`) REFERENCES `tipopaciente` (`IdTipoPaciente`) ON DELETE NO ACTION ON UPDATE NO ACTION,
  ADD CONSTRAINT `unidadeinternacao_paciente_fk` FOREIGN KEY (`IdUnidadeInternacao`) REFERENCES `unidadeinternacao` (`IdUnidadeInternacao`) ON DELETE NO ACTION ON UPDATE NO ACTION;

--
-- Restrições para tabelas `pacientediagnostico`
--
ALTER TABLE `pacientediagnostico`
  ADD CONSTRAINT `diagnostico_pacientediagnostico_fk` FOREIGN KEY (`IdDiagnostico`) REFERENCES `diagnostico` (`IdDiagnostico`) ON DELETE NO ACTION ON UPDATE NO ACTION,
  ADD CONSTRAINT `questionariodiagpresc_pacientediagnostico_fk` FOREIGN KEY (`IdQuestionarioDiagPresc`) REFERENCES `questionariodiagpresc` (`IdQuestionarioDiagPresc`) ON DELETE NO ACTION ON UPDATE NO ACTION;

--
-- Restrições para tabelas `pacienteprescricao`
--
ALTER TABLE `pacienteprescricao`
  ADD CONSTRAINT `diagnosticoprescricao_pacienteprescricao_fk` FOREIGN KEY (`IdDiagnostico`,`IdPrescricao`) REFERENCES `diagnosticoprescricao` (`IdDiagnostico`, `IdPrescricao`) ON DELETE NO ACTION ON UPDATE NO ACTION,
  ADD CONSTRAINT `questionariodiagpresc_pacienteprescricao_fk` FOREIGN KEY (`IdQuestionarioDiagPresc`) REFERENCES `questionariodiagpresc` (`IdQuestionarioDiagPresc`) ON DELETE NO ACTION ON UPDATE NO ACTION;

--
-- Restrições para tabelas `pacienteresultado`
--
ALTER TABLE `pacienteresultado`
  ADD CONSTRAINT `questionariodiagpresc_pacienteresultado_fk` FOREIGN KEY (`IdQuestionarioDiagPresc`) REFERENCES `questionariodiagpresc` (`IdQuestionarioDiagPresc`) ON DELETE NO ACTION ON UPDATE NO ACTION,
  ADD CONSTRAINT `resultado_pacienteresultado_fk` FOREIGN KEY (`IdResultado`) REFERENCES `resultado` (`IdResultado`) ON DELETE NO ACTION ON UPDATE NO ACTION;

--
-- Restrições para tabelas `questao`
--
ALTER TABLE `questao`
  ADD CONSTRAINT `tipoavaliacao_avaliacao_fk` FOREIGN KEY (`IdTipoQuestao`) REFERENCES `tipoquestao` (`IdTipoQuestao`) ON DELETE NO ACTION ON UPDATE NO ACTION;

--
-- Restrições para tabelas `questaoafirmativa`
--
ALTER TABLE `questaoafirmativa`
  ADD CONSTRAINT `afirmativa_questaomultiplaescolhaafirmativa_fk` FOREIGN KEY (`IdAfirmativa`) REFERENCES `afirmativa` (`IdAfirmativa`) ON DELETE NO ACTION ON UPDATE NO ACTION,
  ADD CONSTRAINT `questaoafirmativa_ibfk_1` FOREIGN KEY (`IdQuestao`) REFERENCES `questao` (`IdQuestao`),
  ADD CONSTRAINT `questaoafirmativa_ibfk_2` FOREIGN KEY (`IdAfirmativa`) REFERENCES `afirmativa` (`IdAfirmativa`);

--
-- Restrições para tabelas `questionario`
--
ALTER TABLE `questionario`
  ADD CONSTRAINT `formulario_questionario_fk` FOREIGN KEY (`IdFormulario`) REFERENCES `formulario` (`IdFormulario`) ON DELETE NO ACTION ON UPDATE NO ACTION,
  ADD CONSTRAINT `funcionario_questionario_fk` FOREIGN KEY (`IdFuncionario`) REFERENCES `funcionario` (`IdFuncionario`) ON DELETE NO ACTION ON UPDATE NO ACTION,
  ADD CONSTRAINT `paciente_questionario_fk` FOREIGN KEY (`IdPaciente`) REFERENCES `paciente` (`IdPaciente`) ON DELETE NO ACTION ON UPDATE NO ACTION;

--
-- Restrições para tabelas `questionariodiagpresc`
--
ALTER TABLE `questionariodiagpresc`
  ADD CONSTRAINT `funcionario_questionarioDiagPresc_fk` FOREIGN KEY (`IdFuncionario`) REFERENCES `funcionario` (`IdFuncionario`) ON DELETE NO ACTION ON UPDATE NO ACTION,
  ADD CONSTRAINT `paciente_questionariodiagpresc_fk` FOREIGN KEY (`IdPaciente`) REFERENCES `paciente` (`IdPaciente`) ON DELETE NO ACTION ON UPDATE NO ACTION,
  ADD CONSTRAINT `questionariodiagpresc_ibfk_1` FOREIGN KEY (`IdQuestionario`) REFERENCES `questionario` (`IdQuestionario`);

--
-- Restrições para tabelas `resposta`
--
ALTER TABLE `resposta`
  ADD CONSTRAINT `aplicacao_resposta_fk` FOREIGN KEY (`IdAplicacao`) REFERENCES `aplicacao` (`IdAplicacao`) ON DELETE NO ACTION ON UPDATE NO ACTION,
  ADD CONSTRAINT `avaliacaoquestao_resposta_fk` FOREIGN KEY (`IdAvaliacao`,`IdQuestao`) REFERENCES `avaliacaoquestao` (`IdAvaliacao`, `IdQuestao`) ON DELETE NO ACTION ON UPDATE NO ACTION,
  ADD CONSTRAINT `questao_resposta_fk` FOREIGN KEY (`IdQuestao`) REFERENCES `questao` (`IdQuestao`) ON DELETE NO ACTION ON UPDATE NO ACTION,
  ADD CONSTRAINT `questionario_resposta_fk` FOREIGN KEY (`IdQuestionario`) REFERENCES `questionario` (`IdQuestionario`) ON DELETE NO ACTION ON UPDATE NO ACTION;

--
-- Restrições para tabelas `respostaaberta`
--
ALTER TABLE `respostaaberta`
  ADD CONSTRAINT `resposta_respostaaberta_fk` FOREIGN KEY (`IdResposta`) REFERENCES `resposta` (`IdResposta`) ON DELETE NO ACTION ON UPDATE NO ACTION;

--
-- Restrições para tabelas `respostamultipla`
--
ALTER TABLE `respostamultipla`
  ADD CONSTRAINT `resposta_respostamultipla_fk` FOREIGN KEY (`IdResposta`) REFERENCES `resposta` (`IdResposta`) ON DELETE NO ACTION ON UPDATE NO ACTION;

--
-- Restrições para tabelas `respostamultiplaafirmativa`
--
ALTER TABLE `respostamultiplaafirmativa`
  ADD CONSTRAINT `questaoafirmativa_respostamultiplaafirmativa_fk` FOREIGN KEY (`IdQuestao`,`IdAfirmativa`) REFERENCES `questaoafirmativa` (`IdQuestao`, `IdAfirmativa`) ON DELETE NO ACTION ON UPDATE NO ACTION,
  ADD CONSTRAINT `respostamultipla_respostamultiplaafirmativa_fk` FOREIGN KEY (`IdResposta`) REFERENCES `respostamultipla` (`IdResposta`) ON DELETE NO ACTION ON UPDATE NO ACTION;

--
-- Restrições para tabelas `respostaunica`
--
ALTER TABLE `respostaunica`
  ADD CONSTRAINT `questaoafirmativa_respostaunica_fk` FOREIGN KEY (`IdAfirmativa`,`IdQuestao`) REFERENCES `questaoafirmativa` (`IdAfirmativa`, `IdQuestao`) ON DELETE NO ACTION ON UPDATE NO ACTION,
  ADD CONSTRAINT `resposta_respostaunica_fk` FOREIGN KEY (`IdResposta`) REFERENCES `resposta` (`IdResposta`) ON DELETE NO ACTION ON UPDATE NO ACTION;

--
-- Restrições para tabelas `resultado`
--
ALTER TABLE `resultado`
  ADD CONSTRAINT `diagnostico_resultado_fk` FOREIGN KEY (`IdDiagnostico`) REFERENCES `diagnostico` (`IdDiagnostico`) ON DELETE NO ACTION ON UPDATE NO ACTION;
COMMIT;

/*!40101 SET CHARACTER_SET_CLIENT=@OLD_CHARACTER_SET_CLIENT */;
/*!40101 SET CHARACTER_SET_RESULTS=@OLD_CHARACTER_SET_RESULTS */;
/*!40101 SET COLLATION_CONNECTION=@OLD_COLLATION_CONNECTION */;
